"","organism_key","taxon","km100","km10","coord_system"
"1","NBNORG0000008789","Plecotus auritus","TR","01 02 03 04 05 06 07 08 09 12 13 14 15 16 17 19 23 24 25 26 27 33 34 35 36 37 46 47","OSGB"
"2","NBNORG0000008789","Plecotus auritus","TV","49 59 69","OSGB"
"3","NBNORG0000008789","Plecotus auritus","V","28 29 39 45 46 47 48 49 53 54 55 56 57 58 59 63 64 65 66 67 68 69 72 73 74 75 76 77 78 79 82 83 84 85 86 87 88 89 92 93 94 95 96 97 98 99","OSNI"
"4","NBNORG0000008789","Plecotus auritus","SX","03 04 05 06 07 08 09 14 15 16 17 18 19 25 26 27 28 29 35 36 37 38 39 44 45 46 47 48 49 54 55 56 57 58 59 63 64 65 66 67 68 69 73 74 75 76 77 78 79 83 84 85 86 87 88 89 94 95 96 97 98 99","OSGB"
"5","NBNORG0000008789","Plecotus auritus","SY","07 08 09 18 19 28 29 38 39 48 49 58 59 66 67 68 69 77 78 79 87 88 89 97 98 99","OSGB"
"6","NBNORG0000008789","Plecotus auritus","SZ","07 08 09 19 28 29 38 39 47 48 49 57 58 59 68 69 79 89 99","OSGB"
"7","NBNORG0000008789","Plecotus auritus","T","00 01 02 03 04 05 06 07 08 09 10 11 12 13 14 15 16 17 18 19 20 23 24 25 26 27 28 29 36 37 38 39","OSNI"
"8","NBNORG0000008789","Plecotus auritus","TA","00 01 02 03 04 05 06 07 08 09 10 11 12 13 14 15 16 17 18 20 21 22 23 24 25 26 27 30 31 32 33 40 41 42","OSGB"
"9","NBNORG0000008789","Plecotus auritus","TF","00 01 02 03 04 05 06 07 08 09 10 11 12 13 14 15 16 17 18 19 20 21 22 23 24 25 26 27 28 29 30 31 32 33 34 35 36 37 38 39 40 41 42 43 44 45 46 47 48 49 50 51 52 53 54 55 56 57 58 60 61 62 63 64 65 70 71 72 73 74 80 81 82 83 84 90 91 92 93 94","OSGB"
"10","NBNORG0000008789","Plecotus auritus","TG","00 01 02 03 04 10 11 12 13 14 20 21 22 23 24 30 31 32 33 40 41 42 50 51","OSGB"
"11","NBNORG0000008789","Plecotus auritus","TL","00 01 02 03 04 05 06 07 08 09 10 11 12 13 14 15 16 17 18 19 20 21 22 23 24 25 26 27 28 29 30 31 32 33 34 35 36 37 38 39 40 41 42 43 44 45 46 47 48 49 50 51 52 53 54 55 56 57 58 59 60 61 62 63 64 65 66 67 68 69 70 71 72 73 74 75 76 77 78 79 80 81 82 83 84 85 86 87 88 89 90 91 92 93 94 95 96 97 98 99","OSGB"
"12","NBNORG0000008789","Plecotus auritus","TM","00 01 02 03 04 05 06 07 08 09 10 11 12 13 14 15 16 17 18 19 21 22 23 24 25 26 27 28 29 31 32 33 34 35 36 37 38 39 44 45 46 47 48 49 57 58 59","OSGB"
"13","NBNORG0000008789","Plecotus auritus","TQ","00 01 02 03 04 05 06 07 08 09 10 11 12 13 14 15 16 17 18 19 20 21 22 23 24 25 26 27 28 29 30 31 32 33 34 35 36 37 38 39 40 41 42 43 44 45 46 47 48 49 50 51 52 53 54 55 56 57 58 59 60 61 62 63 64 65 66 67 68 69 70 71 72 73 74 75 76 77 78 79 80 81 82 83 84 85 86 87 88 89 91 92 93 94 95 96 97 98 99","OSGB"
"14","NBNORG0000008789","Plecotus auritus","B","60 61 70 71 72 80 81 82 83 90 91 92 93","OSNI"
"15","NBNORG0000008789","Plecotus auritus","C","00 01 02 03 10 11 12 13 14 20 21 22 23 24 30 31 32 33 34 40 41 42 43 44 45 50 51 52 53 54 55 60 61 62 63 64 65 70 71 72 73 74 80 81 82 83 84 90 91 92 93 94","OSNI"
"16","NBNORG0000008789","Plecotus auritus","D","00 01 02 03 04 10 11 12 13 14 15 20 21 22 23 24 30 31 32 33 40 50","OSNI"
"17","NBNORG0000008789","Plecotus auritus","F","50 60 61 62 63 70 71 72 73 80 81 82 83 84 90 91 92 93 94","OSNI"
"18","NBNORG0000008789","Plecotus auritus","G","00 01 02 03 04 10 11 12 13 14 20 21 22 23 30 31 32 33 40 41 42 43 50 51 52 53 54 57 58 60 61 62 63 64 66 67 68 69 70 71 72 73 74 75 76 77 78 79 80 81 82 83 84 85 86 87 88 89 90 91 92 93 94 95 96 97 98 99","OSNI"
"19","NBNORG0000008789","Plecotus auritus","H","00 01 02 03 04 05 06 07 08 09 10 11 12 13 14 15 16 17 18 19 20 21 22 23 24 25 26 27 28 29 30 31 32 33 34 35 36 37 38 39 40 41 42 43 44 45 46 47 48 49 50 51 52 53 54 55 56 57 58 59 60 61 62 63 64 65 66 67 68 69 70 71 72 73 74 75 76 77 78 79 80 81 82 83 84 85 86 87 88 89 90 91 92 93 94 95 96 97 98 99","OSNI"
"20","NBNORG0000008789","Plecotus auritus","J","00 01 02 03 04 05 06 08 09 10 11 12 13 14 15 16 17 18 19 20 21 22 23 24 25 26 27 28 29 31 32 33 34 35 36 37 38 39 42 43 44 45 46 47 48 49 53 54 55 56 57 58 59 63 64 65 66 67 68","OSNI"
"21","NBNORG0000008789","Plecotus auritus","L","54 55 56 63 64 65 66 67 68 69 72 73 74 75 76 77 78 79 81 82 83 84 85 86 87 88 89 91 92 93 94 95 96 97 98 99","OSNI"
"22","NBNORG0000008789","Plecotus auritus","M","01 02 03 04 05 06 07 08 09 10 11 12 13 14 15 16 17 18 19 20 21 22 23 24 25 26 27 28 29 30 31 32 33 34 35 36 37 38 39 40 41 42 43 44 45 46 47 48 49 50 51 52 53 54 55 56 57 58 59 60 61 62 63 64 65 66 67 68 69 70 71 72 73 74 75 76 77 78 79 80 81 82 83 84 85 86 87 88 89 90 91 92 93 94 95 96 97 98 99","OSNI"
"23","NBNORG0000008789","Plecotus auritus","N","00 01 02 03 04 05 06 07 08 09 10 11 12 13 14 15 16 17 18 19 20 21 22 23 24 25 26 27 28 29 30 31 32 33 34 35 36 37 38 39 40 41 42 43 44 45 46 47 48 49 50 51 52 53 54 55 56 57 58 59 60 61 62 63 64 65 66 67 68 69 70 71 72 73 74 75 76 77 78 79 80 81 82 83 84 85 86 87 88 89 90 91 92 93 94 95 96 97 98 99","OSNI"
"24","NBNORG0000008789","Plecotus auritus","NG","31 41 50 51 52 60 61 62 70 71 72 80 81 82 83","OSGB"
"25","NBNORG0000008789","Plecotus auritus","NH","33 34 43 44 45 46 54 55 56 57 64 65 66 67 68 75 76 77 78 81 85 86 87 88 89 92 93 94 95 96 98","OSGB"
"26","NBNORG0000008789","Plecotus auritus","NJ","03 04 05 06 13 14 15 16 17 23 24 25 26 27 34 35 36 44 45 46 50 54 55 56 60 61 62 63 64 65 66 70 71 72 73 74 75 76 80 81 82 83 84 85 86 90 91 92 93 94 95 96","OSGB"
"27","NBNORG0000008789","Plecotus auritus","NK","02 03 04 05 06 13 14 15","OSGB"
"28","NBNORG0000008789","Plecotus auritus","NM","21 22 24 31 32 33 34 35 41 42 43 44 45 46 51 52 53 54 55 56 57 61 62 63 64 65 66 67 68 69 70 71 72 73 74 75 76 77 78 79 80 81 82 83 85 86 87 90 94 96 97","OSGB"
"29","NBNORG0000008789","Plecotus auritus","NN","00 05 06 07 10 18 20 30 40 41 42 50 51 52 60 61 62 63 70 71 72 73 74 80 81 82 83 84 85 90 91 92 93 94 95","OSGB"
"30","NBNORG0000008789","Plecotus auritus","NO","00 01 02 03 04 05 06 10 11 12 13 14 15 16 20 21 22 23 24 25 26 30 31 32 33 34 35 36 37 38 40 41 42 43 44 45 46 47 48 49 50 51 52 53 54 55 56 57 58 59 60 61 63 64 65 66 67 68 69 74 75 76 77 78 79 86 87 88 89 99","OSGB"
"31","NBNORG0000008789","Plecotus auritus","W","01 02 03 04 05 06 07 08 09 12 13 14 15 16 17 18 19 22 23 24 25 26 27 28 29 32 33 34 35 36 37 38 39 43 44 45 46 47 48 49 53 54 55 56 57 58 59 63 64 65 66 67 68 69 74 75 76 77 78 79 84 85 86 87 88 89 95 96 97 98 99","OSNI"
"32","NBNORG0000008789","Plecotus auritus","X","06 07 08 09 16 17 18 19 27 28 29 37 38 39 49 59 69 79 89","OSNI"
"33","NBNORG0000008789","Plecotus auritus","Y","45","OSNI"
"34","NBNORG0000008789","Plecotus auritus","NU","00 01 02 03 04 05 10 11 12 13 14 20 21 22 23","OSGB"
"35","NBNORG0000008789","Plecotus auritus","NW","95 96 97","OSGB"
"36","NBNORG0000008789","Plecotus auritus","NX","03 04 05 06 07 08 09 13 14 15 16 17 18 19 23 24 25 26 27 28 29 30 33 34 35 36 37 38 39 40 43 44 45 46 47 48 49 54 55 56 57 58 59 64 65 66 67 68 69 74 75 76 77 78 79 84 85 86 87 88 89 90 91 92 93 94 95 96 97 98 99","OSGB"
"37","NBNORG0000008789","Plecotus auritus","NY","00 01 02 03 04 05 06 07 08 09 10 11 12 13 14 15 16 17 18 19 20 21 22 23 24 25 26 27 28 29 30 31 32 33 34 35 36 37 38 39 40 41 42 43 44 45 46 47 48 49 50 51 52 53 54 55 56 57 58 59 60 61 62 63 64 65 66 67 68 69 70 71 72 73 74 75 76 77 78 79 80 81 82 83 84 85 86 87 88 89 90 91 92 93 94 95 96 97 98 99","OSGB"
"38","NBNORG0000008789","Plecotus auritus","NZ","00 01 02 03 04 05 06 07 08 09 10 11 12 13 14 15 16 17 18 19 20 21 22 23 24 25 26 27 28 29 30 31 32 33 34 35 36 37 38 39 40 41 42 43 44 45 46 50 51 52 53 60 61 62 70 71 72 80 81 90 91","OSGB"
"39","NBNORG0000008789","Plecotus auritus","O","00 01 02 03 04 05 06 07 08 09 10 11 12 13 14 15 16 17 18 19 20 21 22 23 24 25 26 27 28 30 31 32 33 35","OSNI"
"40","NBNORG0000008789","Plecotus auritus","OV","00","OSGB"
"41","NBNORG0000008789","Plecotus auritus","Q","30 40 41 50 51 60 61 70 71 72 73 74 80 81 82 83 84 85 90 91 92 93 94 95 96","OSNI"
"42","NBNORG0000008789","Plecotus auritus","R","00 01 02 03 04 05 06 07 08 09 10 11 12 13 14 15 16 17 18 19 20 21 22 23 24 25 26 27 28 29 30 31 32 33 34 35 36 37 38 39 40 41 42 43 44 45 46 47 48 49 50 51 52 53 54 55 56 57 58 59 60 61 62 63 64 65 66 67 68 69 70 71 72 73 74 75 76 77 78 79 80 81 82 83 84 85 86 87 88 89 90 91 92 93 94 95 96 97 98 99","OSNI"
"43","NBNORG0000008789","Plecotus auritus","S","00 01 02 03 04 05 06 07 08 09 10 11 12 13 14 15 16 17 18 19 20 21 22 23 24 25 26 27 28 29 30 31 32 33 34 35 36 37 38 39 40 41 42 43 44 45 46 47 48 49 50 51 52 53 54 55 56 57 58 59 60 61 62 63 64 65 66 67 68 69 70 71 72 73 74 75 76 77 78 79 80 81 82 83 84 85 86 87 88 89 90 91 92 93 94 95 96 97 98 99","OSNI"
"44","NBNORG0000008789","Plecotus auritus","SC","16 17 18 26 27 28 29 37 38 39 47 48 49","OSGB"
"45","NBNORG0000008789","Plecotus auritus","SD","08 09 16 17 18 19 20 21 22 23 24 25 26 27 28 29 30 31 32 33 34 35 36 37 38 39 40 41 42 43 44 45 46 47 48 49 50 51 52 53 54 55 56 57 58 59 60 61 62 63 64 65 66 67 68 69 70 71 72 73 74 75 76 77 78 79 80 81 82 83 84 85 86 87 88 89 90 91 92 93 94 95 96 97 98 99","OSGB"
"46","NBNORG0000008789","Plecotus auritus","SE","00 01 02 03 04 05 06 07 08 09 10 11 12 13 14 15 16 17 18 19 20 21 22 23 24 25 26 27 28 29 30 31 32 33 34 35 36 37 38 39 40 41 42 43 44 45 46 47 48 49 50 51 52 53 54 55 56 57 58 59 60 61 62 63 64 65 66 67 68 69 70 71 72 73 74 75 76 77 78 79 80 81 82 83 84 85 86 87 88 89 90 91 92 93 94 95 96 97 98 99","OSGB"
"47","NBNORG0000008789","Plecotus auritus","SH","12 13 22 23 24 27 28 29 32 33 34 36 37 38 39 43 44 45 46 47 48 49 50 51 52 53 54 55 56 57 58 59 60 61 62 63 64 65 66 67 68 70 71 72 73 74 75 76 77 78 80 81 82 83 84 85 86 87 88 90 91 92 93 94 95 96 97 98","OSGB"
"48","NBNORG0000008789","Plecotus auritus","SJ","00 01 02 03 04 05 06 07 08 10 11 12 13 14 15 16 17 18 19 20 21 22 23 24 25 26 27 28 29 30 31 32 33 34 35 36 37 38 39 40 41 42 43 44 45 46 47 48 49 50 51 52 53 54 55 56 57 58 59 60 61 62 63 64 65 66 67 68 69 70 71 72 73 74 75 76 77 78 79 80 81 82 83 84 85 86 87 88 89 90 91 92 93 94 95 96 97 98 99","OSGB"
"49","NBNORG0000008789","Plecotus auritus","SK","00 01 02 03 04 05 06 07 08 09 10 11 12 13 14 15 16 17 18 19 20 21 22 23 24 25 26 27 28 29 30 31 32 33 34 35 36 37 38 39 40 41 42 43 44 45 46 47 48 49 50 51 52 53 54 55 56 57 58 59 60 61 62 63 64 65 66 67 68 69 70 71 72 73 74 75 76 77 78 79 80 81 82 83 84 85 86 87 88 89 90 91 92 93 94 95 96 97 98 99","OSGB"
"50","NBNORG0000008789","Plecotus auritus","SM","62 70 71 72 73 80 81 82 83 84 90 91 92 93 94","OSGB"
"51","NBNORG0000008789","Plecotus auritus","SN","00 01 02 03 04 10 11 12 13 14 15 20 21 22 23 24 25 30 31 32 33 34 35 36 40 41 42 43 44 45 46 50 51 52 53 54 55 56 57 58 59 60 61 62 63 64 65 66 67 68 69 70 71 72 73 74 75 76 77 78 79 80 81 82 83 84 85 86 87 88 89 90 91 92 93 94 95 96 97 98 99","OSGB"
"52","NBNORG0000008789","Plecotus auritus","SO","00 01 02 03 04 05 06 07 08 09 10 11 12 13 14 15 16 17 18 19 20 21 22 23 24 25 26 27 28 29 30 31 32 33 34 35 36 37 38 39 40 41 42 43 44 45 46 47 48 49 50 51 52 53 54 55 56 57 58 59 60 61 62 63 64 65 66 67 68 69 70 71 72 73 74 75 76 77 78 79 80 81 82 83 84 85 86 87 88 89 90 91 92 93 94 95 96 97 98 99","OSGB"
"53","NBNORG0000008789","Plecotus auritus","SP","00 01 02 03 04 05 06 07 08 09 10 11 12 13 14 15 16 17 18 19 20 21 22 23 24 25 26 27 28 29 30 31 32 33 34 35 36 37 38 39 40 41 42 43 44 45 46 47 48 49 50 51 52 53 54 55 56 57 58 59 60 61 62 63 64 65 66 67 68 69 70 71 72 73 74 75 76 77 78 79 80 81 82 83 84 85 86 87 88 89 90 91 92 93 94 95 96 97 98 99","OSGB"
"54","NBNORG0000008789","Plecotus auritus","SR","89 99","OSGB"
"55","NBNORG0000008789","Plecotus auritus","SS","09 10 11 19 20 21 22 30 31 32 38 39 40 41 42 43 44 48 49 50 51 52 53 54 58 59 60 61 62 63 64 68 69 70 71 72 73 74 75 77 78 79 80 81 82 83 84 87 88 89 90 91 92 93 94 96 97 98 99","OSGB"
"56","NBNORG0000008789","Plecotus auritus","ST","00 01 02 03 04 06 07 08 09 10 11 12 13 14 16 17 18 19 20 21 22 23 24 25 26 27 28 29 30 31 32 33 34 35 36 37 38 39 40 41 42 43 44 45 46 47 48 49 50 51 52 53 54 55 56 57 58 59 60 61 62 63 64 65 66 67 68 69 70 71 72 73 74 75 76 77 78 79 80 81 82 83 84 85 86 87 88 89 90 91 92 93 94 95 96 97 98 99","OSGB"
"57","NBNORG0000008789","Plecotus auritus","SU","00 01 02 03 04 05 06 07 08 09 10 11 12 13 14 15 16 17 18 19 20 21 22 23 24 25 26 27 28 29 30 31 32 33 34 35 36 37 38 39 40 41 42 43 44 45 46 47 48 49 50 51 52 53 54 55 56 57 58 59 60 61 62 63 64 65 66 67 68 69 70 71 72 73 74 75 76 77 78 79 80 81 82 83 84 85 86 87 88 89 90 91 92 93 94 95 96 97 98 99","OSGB"
"58","NBNORG0000008789","Plecotus auritus","SW","32 33 42 43 44 52 53 54 61 62 63 64 65 71 72 73 74 75 76 81 82 83 84 85 86 87 93 94 95 96 97 98","OSGB"
"59","NBNORG0000008789","Plecotus auritus","NS","01 02 03 04 05 06 07 08 09 10 14 15 16 17 18 19 20 21 22 23 24 25 26 27 28 29 30 31 32 33 34 35 36 37 38 39 40 41 42 43 44 45 46 47 48 49 50 51 52 53 54 55 56 57 58 59 60 61 62 63 64 65 66 67 68 69 70 71 72 73 74 75 76 77 78 79 80 81 82 83 84 85 86 87 88 89 90 91 92 93 94 95 96 97 98 99","OSGB"
"60","NBNORG0000008789","Plecotus auritus","NT","00 01 02 03 04 05 06 07 08 09 10 11 12 13 14 15 16 17 18 19 20 21 22 23 24 25 26 27 28 29 30 31 32 33 34 35 36 37 38 39 40 41 42 43 44 45 46 47 48 49 50 51 52 53 54 55 56 57 58 59 60 61 62 63 64 65 66 67 68 69 70 71 72 73 74 75 76 77 80 81 82 83 84 85 86 87 90 91 92 93 94 95 96","OSGB"
"61","NBNORG0000008789","Plecotus auritus","NR","50 51 60 61 62 63 64 70 71 72 73 74 75 76 77 78 79 82 83 84 85 86 87 88 89 91 92 93 94 95 96 97 98 99","OSGB"
"62","NBNORG0000008790","Plecotus austriacus","ST","00 01 10 11 12 20 21 22 30 31 32 40 41 50 51 60 61 70 71 80 81 90 91","OSGB"
"63","NBNORG0000008790","Plecotus austriacus","SU","00 01 10 11 12 20 21 22 30 31 32 40 41 42 50 51 52 60 61 62 70 71 72 80 81 82 90 91 92","OSGB"
"64","NBNORG0000008790","Plecotus austriacus","SY","07 08 09 18 19 28 29 38 39 48 49 58 59 66 67 68 69 77 78 79 87 88 89 97 98 99","OSGB"
"65","NBNORG0000008790","Plecotus austriacus","SZ","07 08 09 19 28 29 38 39 47 48 49 57 58 59 68 69 79 89 99","OSGB"
"66","NBNORG0000008790","Plecotus austriacus","TQ","00 01 02 10 11 20 21 30 31","OSGB"
"67","NBNORG0000008790","Plecotus austriacus","SX","98 99","OSGB"
"68","NBNORG0000042957","Pipistrellus pygmaeus","O","00 01 02 03 04 05 06 07 08 09 10 11 12 13 14 15 16 17 18 19 20 21 22 23 24 25 26 27 28 30 31 32 33 34 35 36","OSNI"
"69","NBNORG0000042957","Pipistrellus pygmaeus","OV","00","OSGB"
"70","NBNORG0000042957","Pipistrellus pygmaeus","Q","40 50 51 60 61 70 71 72 73 74 80 81 82 83 84 85 90 91 92 93 94 95 96","OSNI"
"71","NBNORG0000042957","Pipistrellus pygmaeus","NZ","00 01 02 03 04 05 06 07 08 09 10 11 12 13 14 15 16 17 18 19 20 21 22 23 24 25 26 27 28 29 30 31 32 33 34 35 36 37 38 39 40 41 42 43 44 45 46 50 51 52 53 60 61 62 70 71 72 80 81 90 91","OSGB"
"72","NBNORG0000042957","Pipistrellus pygmaeus","NO","00 01 02 03 04 05 06 07 08 09 10 11 12 13 14 15 16 17 18 19 20 21 22 23 24 25 26 27 28 29 30 31 32 33 34 35 36 37 38 39 40 41 42 43 44 45 46 47 48 49 50 51 52 53 54 55 56 57 58 59 60 61 63 64 65 66 67 68 69 74 75 76 77 78 79 86 87 88 89 99","OSGB"
"73","NBNORG0000042957","Pipistrellus pygmaeus","NR","15 16 24 25 26 27 33 34 35 36 37 38 39 44 45 49 50 51 60 61 62 63 70 71 72 73 74 75 76 77 78 79 82 83 84 85 86 87 88 89 91 92 93 94 95 96 97 98 99","OSGB"
"74","NBNORG0000042957","Pipistrellus pygmaeus","NS","00 01 02 03 04 05 06 07 08 09 10 14 15 16 17 18 19 20 21 22 23 24 25 26 27 28 29 30 31 32 33 34 35 36 37 38 39 40 41 42 43 44 45 46 47 48 49 50 51 52 53 54 55 56 57 58 59 60 61 62 63 64 65 66 67 68 69 70 71 72 73 74 75 76 77 78 79 80 81 82 83 84 85 86 87 88 89 90 91 92 93 94 95 96 97 98 99","OSGB"
"75","NBNORG0000042957","Pipistrellus pygmaeus","NT","00 01 02 03 04 05 06 07 08 09 10 11 12 13 14 15 16 17 18 19 20 21 22 23 24 25 26 27 28 29 30 31 32 33 34 35 36 37 38 39 40 41 42 43 44 45 46 47 48 49 50 51 52 53 54 55 56 57 58 59 60 61 62 63 64 65 66 67 68 69 70 71 72 73 74 75 76 77 80 81 82 83 84 85 86 87 90 91 92 93 94 95 96","OSGB"
"76","NBNORG0000042957","Pipistrellus pygmaeus","NU","00 01 02 03 04 05 10 11 12 13 14 20 21 22 23","OSGB"
"77","NBNORG0000042957","Pipistrellus pygmaeus","NW","95 96 97","OSGB"
"78","NBNORG0000042957","Pipistrellus pygmaeus","NX","03 04 05 06 07 08 09 13 14 15 16 17 18 19 23 24 25 26 27 28 29 30 33 34 35 36 37 38 39 40 43 44 45 46 47 48 49 54 55 56 57 58 59 64 65 66 67 68 69 74 75 76 77 78 79 84 85 86 87 88 89 90 91 92 93 94 95 96 97 98 99","OSGB"
"79","NBNORG0000042957","Pipistrellus pygmaeus","NY","00 01 02 03 04 05 06 07 08 09 10 11 12 13 14 15 16 17 18 19 20 21 22 23 24 25 26 27 28 29 30 31 32 33 34 35 36 37 38 39 40 41 42 43 44 45 46 47 48 49 50 51 52 53 54 55 56 57 58 59 60 61 62 63 64 65 66 67 68 69 70 71 72 73 74 75 76 77 78 79 80 81 82 83 84 85 86 87 88 89 90 91 92 93 94 95 96 97 98 99","OSGB"
"80","NBNORG0000042957","Pipistrellus pygmaeus","B","70 71 72 80 81 82 83 90 91 92 93","OSNI"
"81","NBNORG0000042957","Pipistrellus pygmaeus","C","00 01 02 03 10 11 12 13 20 21 22 23 24 30 31 32 33 34 35 40 41 42 43 44 45 50 51 52 53 54 55 60 61 62 63 64 70 71 72 73 80 81 82 83 90 91 92 93 94","OSNI"
"82","NBNORG0000042957","Pipistrellus pygmaeus","D","00 01 02 03 04 10 11 12 13 20 21 22 23 30 31 32 40","OSNI"
"83","NBNORG0000042957","Pipistrellus pygmaeus","F","80 81 82 83 90 91 92 93","OSNI"
"84","NBNORG0000042957","Pipistrellus pygmaeus","G","00 01 02 03 10 11 12 13 20 21 22 23 30 31 32 33 40 41 42 43 50 51 52 53 56 57 58 60 61 62 63 64 65 66 67 68 69 70 71 72 73 74 75 76 77 78 79 80 81 82 83 84 85 86 87 88 89 90 91 92 93 94 95 96 97 98 99","OSNI"
"85","NBNORG0000042957","Pipistrellus pygmaeus","H","00 01 02 03 04 05 06 07 08 09 10 11 12 13 14 15 16 17 18 19 20 21 22 23 24 25 26 27 28 29 30 31 32 33 34 35 36 37 38 39 40 41 42 43 44 45 46 47 48 49 50 51 52 53 54 55 56 57 58 59 60 61 62 63 64 65 66 67 68 69 70 71 72 73 74 75 76 77 78 79 80 81 82 83 84 85 86 87 88 89 90 91 92 93 94 95 96 97 98 99","OSNI"
"86","NBNORG0000042957","Pipistrellus pygmaeus","J","00 01 02 03 04 05 06 07 08 09 10 11 12 13 14 15 16 17 18 19 20 21 22 23 24 25 26 27 28 29 30 31 32 33 34 35 36 37 38 39 41 42 43 44 45 46 47 48 49 53 54 55 56 57 58 59 63 64 65 66 67","OSNI"
"87","NBNORG0000042957","Pipistrellus pygmaeus","L","63 64 65 72 73 74 75 76 82 83 84 85 86 87 88 89 92 93 94 95 96 97 98 99","OSNI"
"88","NBNORG0000042957","Pipistrellus pygmaeus","M","01 02 03 04 05 06 07 08 09 10 11 12 13 14 15 16 17 18 19 20 21 22 23 24 25 26 27 28 29 30 31 32 33 34 35 36 37 38 39 40 41 42 43 44 45 46 47 48 49 50 51 52 53 54 55 56 57 58 59 60 61 62 63 64 65 66 67 68 69 70 71 72 73 74 75 76 77 78 79 80 81 82 83 84 85 86 87 88 89 90 91 92 93 94 95 96 97 98 99","OSNI"
"89","NBNORG0000042957","Pipistrellus pygmaeus","N","00 01 02 03 04 05 06 07 08 09 10 11 12 13 14 15 16 17 18 19 20 21 22 23 24 25 26 27 28 29 30 31 32 33 34 35 36 37 38 39 40 41 42 43 44 45 46 47 48 49 50 51 52 53 54 55 56 57 58 59 60 61 62 63 64 65 66 67 68 69 70 71 72 73 74 75 76 77 78 79 80 81 82 83 84 85 86 87 88 89 90 91 92 93 94 95 96 97 98 99","OSNI"
"90","NBNORG0000042957","Pipistrellus pygmaeus","NB","90 91","OSGB"
"91","NBNORG0000042957","Pipistrellus pygmaeus","NC","00 01 02 03 10 11 20 30 40 50 60 70 80 90","OSGB"
"92","NBNORG0000042957","Pipistrellus pygmaeus","NG","10 13 14 15 20 23 24 25 26 30 31 32 33 34 35 36 37 40 41 42 43 44 45 46 47 50 51 52 53 54 55 56 60 61 63 64 65 66 70 71 73 74 75 76 77 78 79 80 81 82 83 84 85 86 87 88 89 90 91 92 93 94 95 96 97 98 99","OSGB"
"93","NBNORG0000042957","Pipistrellus pygmaeus","NH","00 01 02 03 04 05 06 07 08 09 10 11 12 13 14 15 16 17 18 19 20 21 22 23 24 25 26 27 28 29 30 31 32 33 34 35 36 37 38 39 40 41 42 43 44 45 46 47 48 49 50 51 52 53 54 55 56 57 58 59 60 61 62 63 64 65 66 67 68 69 70 71 72 73 74 75 76 77 78 79 80 81 82 83 84 85 86 87 88 89 90 91 92 93 94 95 96 97 98","OSGB"
"94","NBNORG0000042957","Pipistrellus pygmaeus","NJ","00 01 02 03 04 05 06 10 11 12 13 14 15 16 17 20 21 22 23 24 25 26 27 30 31 32 33 34 35 36 40 41 42 43 44 45 46 50 51 52 53 54 55 56 60 61 62 63 64 65 66 70 71 72 73 74 75 76 80 81 82 83 84 85 86 90 91 92 93 94 95 96","OSGB"
"95","NBNORG0000042957","Pipistrellus pygmaeus","NK","02 03 04 05 06 13 14 15","OSGB"
"96","NBNORG0000042957","Pipistrellus pygmaeus","NL","84 93 94","OSGB"
"97","NBNORG0000042957","Pipistrellus pygmaeus","NM","04 05 14 15 16 19 21 22 23 24 25 26 29 31 32 33 34 35 37 38 39 41 42 43 44 45 46 47 48 49 51 52 53 54 55 56 57 59 61 62 63 64 65 66 67 68 69 70 71 72 73 74 75 76 77 78 79 80 81 82 83 84 85 86 87 88 89 90 91 92 93 94 95 96 97 98 99","OSGB"
"98","NBNORG0000042957","Pipistrellus pygmaeus","NN","00 01 02 03 04 05 06 07 08 09 10 11 12 13 14 15 16 17 18 19 20 21 22 23 24 25 26 27 28 29 30 31 32 33 34 35 36 37 38 39 40 41 42 43 44 45 46 47 48 49 50 51 52 53 54 55 56 57 58 59 60 61 62 63 64 65 66 67 68 69 70 71 72 73 74 75 76 77 78 79 80 81 82 83 84 85 86 87 88 89 90 91 92 93 94 95 96 97 98 99","OSGB"
"99","NBNORG0000042957","Pipistrellus pygmaeus","TR","01 02 03 04 05 06 07 08 09 12 13 14 15 16 17 19 23 24 25 26 27 33 34 35 36 37 46 47","OSGB"
"100","NBNORG0000042957","Pipistrellus pygmaeus","TV","49 59 69","OSGB"
"101","NBNORG0000042957","Pipistrellus pygmaeus","V","28 38 39 45 46 47 48 49 52 53 54 55 56 57 58 59 63 64 65 66 67 68 69 71 72 73 74 75 76 77 78 79 81 82 83 84 85 86 87 88 89 91 92 93 94 95 96 97 98 99","OSNI"
"102","NBNORG0000042957","Pipistrellus pygmaeus","W","01 02 03 04 05 06 07 08 09 11 12 13 14 15 16 17 18 19 22 23 24 25 26 27 28 29 32 33 34 35 36 37 38 39 42 43 44 45 46 47 48 49 52 53 54 55 56 57 58 59 63 64 65 66 67 68 69 74 75 76 77 78 79 84 85 86 87 88 89 95 96 97 98 99","OSNI"
"103","NBNORG0000042957","Pipistrellus pygmaeus","X","05 06 07 08 09 16 17 18 19 27 28 29 37 38 39 49 59 69 79 89 99","OSNI"
"104","NBNORG0000042957","Pipistrellus pygmaeus","Y","09 19","OSNI"
"105","NBNORG0000042957","Pipistrellus pygmaeus","SJ","00 01 02 03 04 05 06 07 08 10 11 12 13 14 15 16 17 18 19 20 21 22 23 24 25 26 27 28 29 30 31 32 33 34 35 36 37 38 39 40 41 42 43 44 45 46 47 48 49 50 51 52 53 54 55 56 57 58 59 60 61 62 63 64 65 66 67 68 69 70 71 72 73 74 75 76 77 78 79 80 81 82 83 84 85 86 87 88 89 90 91 92 93 94 95 96 97 98 99","OSGB"
"106","NBNORG0000042957","Pipistrellus pygmaeus","SK","00 01 02 03 04 05 06 07 08 09 10 11 12 13 14 15 16 17 18 19 20 21 22 23 24 25 26 27 28 29 30 31 32 33 34 35 36 37 38 39 40 41 42 43 44 45 46 47 48 49 50 51 52 53 54 55 56 57 58 59 60 61 62 63 64 65 66 67 68 69 70 71 72 73 74 75 76 77 78 79 80 81 82 83 84 85 86 87 88 89 90 91 92 93 94 95 96 97 98 99","OSGB"
"107","NBNORG0000042957","Pipistrellus pygmaeus","SM","62 70 71 72 73 80 81 82 83 84 90 91 92 93 94","OSGB"
"108","NBNORG0000042957","Pipistrellus pygmaeus","SN","00 01 02 03 04 10 11 12 13 14 15 20 21 22 23 24 25 30 31 32 33 34 35 36 40 41 42 43 44 45 46 50 51 52 53 54 55 56 57 58 59 60 61 62 63 64 65 66 67 68 69 70 71 72 73 74 75 76 77 78 79 80 81 82 83 84 85 86 87 88 89 90 91 92 93 94 95 96 97 98 99","OSGB"
"109","NBNORG0000042957","Pipistrellus pygmaeus","SO","00 01 02 03 04 05 06 07 08 09 10 11 12 13 14 15 16 17 18 19 20 21 22 23 24 25 26 27 28 29 30 31 32 33 34 35 36 37 38 39 40 41 42 43 44 45 46 47 48 49 50 51 52 53 54 55 56 57 58 59 60 61 62 63 64 65 66 67 68 69 70 71 72 73 74 75 76 77 78 79 80 81 82 83 84 85 86 87 88 89 90 91 92 93 94 95 96 97 98 99","OSGB"
"110","NBNORG0000042957","Pipistrellus pygmaeus","SP","00 01 02 03 04 05 06 07 08 09 10 11 12 13 14 15 16 17 18 19 20 21 22 23 24 25 26 27 28 29 30 31 32 33 34 35 36 37 38 39 40 41 42 43 44 45 46 47 48 49 50 51 52 53 54 55 56 57 58 59 60 61 62 63 64 65 66 67 68 69 70 71 72 73 74 75 76 77 78 79 80 81 82 83 84 85 86 87 88 89 90 91 92 93 94 95 96 97 98 99","OSGB"
"111","NBNORG0000042957","Pipistrellus pygmaeus","SR","89 99","OSGB"
"112","NBNORG0000042957","Pipistrellus pygmaeus","R","00 01 02 03 04 05 06 07 08 10 11 12 13 14 15 16 17 18 19 20 21 22 23 24 25 26 27 28 29 30 31 32 33 34 35 36 37 38 39 40 41 42 43 44 45 46 47 48 49 50 51 52 53 54 55 56 57 58 59 60 61 62 63 64 65 66 67 68 69 70 71 72 73 74 75 76 77 78 79 80 81 82 83 84 85 86 87 88 89 90 91 92 93 94 95 96 97 98 99","OSNI"
"113","NBNORG0000042957","Pipistrellus pygmaeus","S","00 01 02 03 04 05 06 07 08 09 10 11 12 13 14 15 16 17 18 19 20 21 22 23 24 25 26 27 28 29 30 31 32 33 34 35 36 37 38 39 40 41 42 43 44 45 46 47 48 49 50 51 52 53 54 55 56 57 58 59 60 61 62 63 64 65 66 67 68 69 70 71 72 73 74 75 76 77 78 79 80 81 82 83 84 85 86 87 88 89 90 91 92 93 94 95 96 97 98 99","OSNI"
"114","NBNORG0000042957","Pipistrellus pygmaeus","SC","16 17 18 26 27 28 37 38 39 47 48 49","OSGB"
"115","NBNORG0000042957","Pipistrellus pygmaeus","SD","08 09 16 17 18 19 20 21 22 23 24 25 26 27 28 29 30 31 32 33 34 35 36 37 38 39 40 41 42 43 44 45 46 47 48 49 50 51 52 53 54 55 56 57 58 59 60 61 62 63 64 65 66 67 68 69 70 71 72 73 74 75 76 77 78 79 80 81 82 83 84 85 86 87 88 89 90 91 92 93 94 95 96 97 98 99","OSGB"
"116","NBNORG0000042957","Pipistrellus pygmaeus","SE","00 01 02 03 04 05 06 07 08 09 10 11 12 13 14 15 16 17 18 19 20 21 22 23 24 25 26 27 28 29 30 31 32 33 34 35 36 37 38 39 40 41 42 43 44 45 46 47 48 49 50 51 52 53 54 55 56 57 58 59 60 61 62 63 64 65 66 67 68 69 70 71 72 73 74 75 76 77 78 79 80 81 82 83 84 85 86 87 88 89 90 91 92 93 94 95 96 97 98 99","OSGB"
"117","NBNORG0000042957","Pipistrellus pygmaeus","SH","12 13 22 23 24 27 28 29 32 33 34 36 37 38 39 43 44 45 46 47 48 49 50 51 52 53 54 55 56 57 58 59 60 61 62 63 64 65 66 67 68 70 71 72 73 74 75 76 77 78 80 81 82 83 84 85 86 87 88 90 91 92 93 94 95 96 97 98","OSGB"
"118","NBNORG0000042957","Pipistrellus pygmaeus","SZ","07 08 09 19 28 29 38 39 47 48 49 57 58 59 68 69 79 89 99","OSGB"
"119","NBNORG0000042957","Pipistrellus pygmaeus","T","00 01 02 03 04 05 06 07 08 09 10 11 12 13 14 15 16 17 18 19 20 21 23 24 25 26 27 28 29 36 37 38 39","OSNI"
"120","NBNORG0000042957","Pipistrellus pygmaeus","TA","00 01 02 03 04 05 06 07 08 09 10 11 12 13 14 15 16 17 18 20 21 22 23 24 25 26 27 30 31 32 33 40 41 42","OSGB"
"121","NBNORG0000042957","Pipistrellus pygmaeus","TF","00 01 02 03 04 05 06 07 08 09 10 11 12 13 14 15 16 17 18 19 20 21 22 23 24 25 26 27 28 29 30 31 32 33 34 35 36 37 38 39 40 41 42 43 44 45 46 47 48 49 50 51 52 53 54 55 56 57 58 60 61 62 63 64 65 70 71 72 73 74 80 81 82 83 84 90 91 92 93 94","OSGB"
"122","NBNORG0000042957","Pipistrellus pygmaeus","TG","00 01 02 03 04 10 11 12 13 14 20 21 22 23 24 30 31 32 33 40 41 42 50 51","OSGB"
"123","NBNORG0000042957","Pipistrellus pygmaeus","TL","00 01 02 03 04 05 06 07 08 09 10 11 12 13 14 15 16 17 18 19 20 21 22 23 24 25 26 27 28 29 30 31 32 33 34 35 36 37 38 39 40 41 42 43 44 45 46 47 48 49 50 51 52 53 54 55 56 57 58 59 60 61 62 63 64 65 66 67 68 69 70 71 72 73 74 75 76 77 78 79 80 81 82 83 84 85 86 87 88 89 90 91 92 93 94 95 96 97 98 99","OSGB"
"124","NBNORG0000042957","Pipistrellus pygmaeus","TM","00 01 02 03 04 05 06 07 08 09 10 11 12 13 14 15 16 17 18 19 21 22 23 24 25 26 27 28 29 31 32 33 34 35 36 37 38 39 44 45 46 47 48 49 57 58 59","OSGB"
"125","NBNORG0000042957","Pipistrellus pygmaeus","SS","09 10 11 19 20 21 22 30 31 32 38 39 40 41 42 43 44 48 49 50 51 52 53 54 58 59 60 61 62 63 64 68 69 70 71 72 73 74 75 77 78 79 80 81 82 83 84 87 88 89 90 91 92 93 94 96 97 98 99","OSGB"
"126","NBNORG0000042957","Pipistrellus pygmaeus","ST","00 01 02 03 04 06 07 08 09 10 11 12 13 14 16 17 18 19 20 21 22 23 24 25 26 27 28 29 30 31 32 33 34 35 36 37 38 39 40 41 42 43 44 45 46 47 48 49 50 51 52 53 54 55 56 57 58 59 60 61 62 63 64 65 66 67 68 69 70 71 72 73 74 75 76 77 78 79 80 81 82 83 84 85 86 87 88 89 90 91 92 93 94 95 96 97 98 99","OSGB"
"127","NBNORG0000042957","Pipistrellus pygmaeus","SU","00 01 02 03 04 05 06 07 08 09 10 11 12 13 14 15 16 17 18 19 20 21 22 23 24 25 26 27 28 29 30 31 32 33 34 35 36 37 38 39 40 41 42 43 44 45 46 47 48 49 50 51 52 53 54 55 56 57 58 59 60 61 62 63 64 65 66 67 68 69 70 71 72 73 74 75 76 77 78 79 80 81 82 83 84 85 86 87 88 89 90 91 92 93 94 95 96 97 98 99","OSGB"
"128","NBNORG0000042957","Pipistrellus pygmaeus","SW","32 33 42 43 44 52 53 54 61 62 63 64 65 71 72 73 74 75 76 81 82 83 84 85 86 87 93 94 95 96 97 98","OSGB"
"129","NBNORG0000042957","Pipistrellus pygmaeus","SX","03 04 05 06 07 08 09 14 15 16 17 18 19 25 26 27 28 29 35 36 37 38 39 44 45 46 47 48 49 54 55 56 57 58 59 63 64 65 66 67 68 69 73 74 75 76 77 78 79 83 84 85 86 87 88 89 94 95 96 97 98 99","OSGB"
"130","NBNORG0000042957","Pipistrellus pygmaeus","SY","07 08 09 18 19 28 29 38 39 48 49 58 59 66 67 68 69 77 78 79 87 88 89 97 98 99","OSGB"
"131","NBNORG0000042957","Pipistrellus pygmaeus","TQ","00 01 02 03 04 05 06 07 08 09 10 11 12 13 14 15 16 17 18 19 20 21 22 23 24 25 26 27 28 29 30 31 32 33 34 35 36 37 38 39 40 41 42 43 44 45 46 47 48 49 50 51 52 53 54 55 56 57 58 59 60 61 62 63 64 65 66 67 68 69 70 71 72 73 74 75 76 77 78 79 80 81 82 83 84 85 86 87 88 89 91 92 93 94 95 96 97 98 99","OSGB"
"132","NBNORG0000049699","Rhinolophus ferrumequinum","SM","62 70 71 72 73 80 81 82 83 84 90 91 92 93 94","OSGB"
"133","NBNORG0000049699","Rhinolophus ferrumequinum","SN","00 01 02 03 04 10 11 12 13 14 20 21 22 23 24 30 31 32 33 34 40 41 42 43 50 51 52 53 60 61 62 70 71 72 80 81 82 90 91","OSGB"
"134","NBNORG0000049699","Rhinolophus ferrumequinum","SO","00 01 10 11 20 21 30 31 40 41 50 51 60 61 70","OSGB"
"135","NBNORG0000049699","Rhinolophus ferrumequinum","SS","09 11 19 20 21 22 30 31 32 38 39 41 42 43 44 48 49 52 53 54 58 59 62 63 64 68 69 72 73 74 75 77 78 79 82 83 84 87 88 89 91 92 93 94 96 97 98 99","OSGB"
"136","NBNORG0000049699","Rhinolophus ferrumequinum","ST","00 01 02 03 04 06 07 08 09 10 11 12 13 14 16 17 18 19 20 21 22 23 24 25 26 27 28 29 30 31 32 33 34 35 36 37 38 39 40 41 42 43 44 45 46 47 48 49 50 51 52 53 54 55 56 57 58 59 60 61 62 63 64 65 66 67 68 69 70 71 72 73 74 75 76 77 78 79 80 81 82 83 84 85 86 87 90 91 92 93 94 95 96 97","OSGB"
"137","NBNORG0000049699","Rhinolophus ferrumequinum","SU","00 01 02 03 04 10 11 12 13 14 20 21 22 23 24 30 31 32 33 40 41 42 50 51 60 70","OSGB"
"138","NBNORG0000049699","Rhinolophus ferrumequinum","SR","89 99","OSGB"
"139","NBNORG0000049699","Rhinolophus ferrumequinum","SW","32 33 42 43 44 52 53 54 61 62 63 64 65 71 72 73 74 75 76 81 82 83 84 85 86 87 93 94 95 96 97 98","OSGB"
"140","NBNORG0000049699","Rhinolophus ferrumequinum","SX","05 06 15 25 26 35 36 44 45 46 47 54 55 56 57 63 64 65 66 67 73 74 75 76 77 83 84 85 86 87 88 94 95 96 97 98","OSGB"
"141","NBNORG0000049699","Rhinolophus ferrumequinum","SY","07 08 09 18 19 28 29 38 39 48 49 58 59 66 67 68 69 77 78 79 87 88 89 97 98 99","OSGB"
"142","NBNORG0000049699","Rhinolophus ferrumequinum","SZ","07 08 09 19 28 29 38 39 47 48 49 57 58 59 68 69 79 89","OSGB"
"143","NBNORG0000049700","Rhinolophus hipposideros","M","23 24 25 26 27 33 34 35 36 37 40 50","OSNI"
"144","NBNORG0000049700","Rhinolophus hipposideros","R","00 10 26 27 36 37 38 39 44 46 47 48 49 53 54 56 57 58 59 63 64 65 66 67","OSNI"
"145","NBNORG0000049700","Rhinolophus hipposideros","SH","12 13 22 23 24 27 28 29 32 33 34 36 37 38 39 43 44 45 46 47 48 49 50 51 52 53 54 55 56 57 58 59 60 61 62 63 64 65 66 67 68 71 72 73 74 75 76 77 78 82 83 84 85 86 87 88 95 96 97 98","OSGB"
"146","NBNORG0000049700","Rhinolophus hipposideros","SJ","06 07 08 16 17 18 26 34 35 40","OSGB"
"147","NBNORG0000049700","Rhinolophus hipposideros","SM","40 50 60 62 70 71 72 73 80 81 82 83 84 90 91 92 93 94","OSGB"
"148","NBNORG0000049700","Rhinolophus hipposideros","SN","00 01 02 10 11 20 30 59","OSGB"
"149","NBNORG0000049700","Rhinolophus hipposideros","SO","33 34 35 36 42 43 44 45 46 47 48 49 51 52 53 54 55 56 57 58 59 60 61 62 63 64 65 66 67 68 70 71 72 73 74 75 76 77 80 81 82 83 90 91","OSGB"
"150","NBNORG0000049700","Rhinolophus hipposideros","SP","00","OSGB"
"151","NBNORG0000049700","Rhinolophus hipposideros","SR","89 99","OSGB"
"152","NBNORG0000049700","Rhinolophus hipposideros","SS","09 10 11 19 20 21 22 30 31 32 38 39 40 41 42 43 44 48 49 51 52 58 59 68 77 87 96","OSGB"
"153","NBNORG0000049700","Rhinolophus hipposideros","ST","06 16 27 30 31 32 33 34 35 36 37 40 41 42 43 44 45 46 47 50 51 52 53 54 55 56 57 60 61 62 63 64 65 66 67 68 69 70 71 72 73 74 75 76 77 78 79 80 81 82 83 84 85 86 87 88 89 90 91 92 93 94 95 96 97 98 99","OSGB"
"154","NBNORG0000049700","Rhinolophus hipposideros","SU","00 01 02 03 04 05 06 07 08 09 10 11 12 13 14 15 16 17 18 19 21 22 23 24 25 26 27 28 32 33 34 35 36 37 43 44 45 46","OSGB"
"155","NBNORG0000049700","Rhinolophus hipposideros","SW","61 71 81 82 83 84 85 86 87 93 94 95 96 97","OSGB"
"156","NBNORG0000049700","Rhinolophus hipposideros","SX","03 04 05 06 07 08 14 15 16 17 18 19 25 26 27 28 29 35 36 37 38 39 44 45 46 47 48 49 54 55 56 63 64 65 73 74 75 83 84 85 86 94 95 96 97 98","OSGB"
"157","NBNORG0000049700","Rhinolophus hipposideros","SY","08 18 19 29 39 49","OSGB"
"158","NBNORG0000049700","Rhinolophus hipposideros","V","45 46 47 53 54 55 56 57 62 63 64 65 66 67 68 71 72 73 74 75 76 77 78 81 82 83 84 85 86 87 88 91 92 93 94 95 96 97 98 99","OSNI"
"159","NBNORG0000049700","Rhinolophus hipposideros","W","01 02 03 04 05 06 07 08 09 12 13 14 15 16 17 18 19 23 24 25 26 27 28 29 35 36","OSNI"
"160","NBNORG0000049701","Barbastella barbastellus","SM","60 62 70 71 72 73 80 81 82 83 84 90 91 92 93 94","OSGB"
"161","NBNORG0000049701","Barbastella barbastellus","SN","00 01 02 03 04 10 11 12 13 14 15 20 21 22 23 24 25 30 31 32 33 34 35 36 40 41 42 43 44 45 46 50 51 52 53 54 55 56 57 58 59 60 61 62 63 64 65 66 67 68 69 70 71 72 73 74 75 76 77 78 79 80 81 82 83 84 85 86 87 88 89 90 91 92 93 94 95 96 97 98 99","OSGB"
"162","NBNORG0000049701","Barbastella barbastellus","SO","00 01 02 03 04 05 06 07 08 09 10 11 12 13 14 15 16 17 18 19 20 21 22 23 24 25 26 27 28 29 30 31 32 33 34 35 36 37 38 39 40 41 42 43 44 45 46 47 48 49 50 51 52 53 54 55 56 57 58 59 60 61 62 63 64 65 66 67 68 69 70 71 72 73 74 75 76 77 78 79 80 81 82 83 84 85 86 87 88 89 90 91 92 93 94 95 96 97 98 99","OSGB"
"163","NBNORG0000049701","Barbastella barbastellus","SP","00 01 02 03 04 05 06 07 08 09 10 11 12 13 14 15 16 17 18 19 20 21 22 23 24 25 26 27 28 29 30 31 32 33 34 35 36 37 38 39 40 41 42 43 44 45 46 47 48 49 50 51 52 53 54 55 56 57 58 59 60 61 62 63 64 65 66 67 68 69 70 71 72 73 74 75 76 77 78 79 80 81 82 83 84 85 86 87 88 89 90 91 92 93 94 95 96 97 98 99","OSGB"
"164","NBNORG0000049701","Barbastella barbastellus","SR","89 99","OSGB"
"165","NBNORG0000049701","Barbastella barbastellus","TM","00 01 02 03 04 05 06 07 08 09 10 11 12 13 14 15 16 17 18 19 21 22 23 24 25 26 27 28 29 31 32 33 34 35 36 37 38 39 44 45 46 47 48 49 57 58 59","OSGB"
"166","NBNORG0000049701","Barbastella barbastellus","SU","00 01 02 03 04 05 06 07 08 09 10 11 12 13 14 15 16 17 18 19 20 21 22 23 24 25 26 27 28 29 30 31 32 33 34 35 36 37 38 39 40 41 42 43 44 45 46 47 48 49 50 51 52 53 54 55 56 57 58 59 60 61 62 63 64 65 66 67 68 69 70 71 72 73 74 75 76 77 78 79 80 81 82 83 84 85 86 87 88 89 90 91 92 93 94 95 96 97 98 99","OSGB"
"167","NBNORG0000049701","Barbastella barbastellus","SW","32 33 42 43 44 52 53 54 61 62 63 64 65 71 72 73 74 75 76 81 82 83 84 85 86 87 93 94 95 96 97 98","OSGB"
"168","NBNORG0000049701","Barbastella barbastellus","SX","03 04 05 06 07 08 09 14 15 16 17 18 19 25 26 27 28 29 35 36 37 38 39 44 45 46 47 48 49 54 55 56 57 58 59 63 64 65 66 67 68 69 73 74 75 76 77 78 79 83 84 85 86 87 88 89 94 95 96 97 98 99","OSGB"
"169","NBNORG0000049701","Barbastella barbastellus","SY","07 08 09 18 19 28 29 38 39 48 49 58 59 66 67 68 69 77 78 79 87 88 89 97 98 99","OSGB"
"170","NBNORG0000049701","Barbastella barbastellus","SH","50 60 70 80 90","OSGB"
"171","NBNORG0000049701","Barbastella barbastellus","SJ","00 10 20 21 30 31 40 41 50 51 60 61 70 71 80 81 90 91","OSGB"
"172","NBNORG0000049701","Barbastella barbastellus","SK","00 01 10 11 12 20 21 22 30 31 32 33 40 41 42 43 50 51 52 53 54 60 61 62 63 64 65 70 71 72 73 74 75 80 81 82 83 84 85 90 91 92 93 94 95","OSGB"
"173","NBNORG0000049701","Barbastella barbastellus","TF","00 01 02 03 04 10 11 12 13 20 21 22 30 60 61 62 63 64 70 71 72 73 74 80 81 82 83 84 90 91 92 93 94","OSGB"
"174","NBNORG0000049701","Barbastella barbastellus","TG","00 01 02 03 04 10 11 12 13 14 20 21 22 23 24 30 31 32 33 40 41 42 50 51","OSGB"
"175","NBNORG0000049701","Barbastella barbastellus","TL","00 01 02 03 04 05 06 07 08 09 10 11 12 13 14 15 16 17 18 19 20 21 22 23 24 25 26 27 28 29 30 31 32 33 34 35 36 37 38 39 40 41 42 43 44 45 46 47 48 50 51 52 53 54 55 56 57 58 59 60 61 62 63 64 65 66 67 68 69 70 71 72 73 74 75 76 77 78 79 80 81 82 83 84 85 86 87 88 89 90 91 92 93 94 95 96 97 98 99","OSGB"
"176","NBNORG0000049701","Barbastella barbastellus","SZ","07 08 09 19 28 29 38 39 47 48 49 57 58 59 68 69 79 89 99","OSGB"
"177","NBNORG0000049701","Barbastella barbastellus","TQ","00 01 02 03 04 05 06 07 08 09 10 11 12 13 14 15 16 17 18 19 20 21 22 23 24 25 26 27 28 29 30 31 32 33 34 35 36 37 38 39 40 41 42 43 44 45 46 47 48 49 50 51 52 53 54 55 56 57 58 59 60 61 62 63 64 65 66 67 68 69 70 71 72 73 74 75 76 77 78 79 80 81 82 83 84 85 86 87 88 89 91 92 93 94 95 96 97 98 99","OSGB"
"178","NBNORG0000049701","Barbastella barbastellus","TR","01 02 03 04 05 06 07 08 09 12 13 14 15 16 17 19 23 24 25 26 27 33 34 35 36 37 46 47","OSGB"
"179","NBNORG0000049701","Barbastella barbastellus","TV","49 59 69","OSGB"
"180","NBNORG0000049701","Barbastella barbastellus","ST","00 01 02 03 04 06 07 08 09 10 11 12 13 14 16 17 18 19 20 21 22 23 24 25 26 27 28 29 30 31 32 33 34 35 36 37 38 39 40 41 42 43 44 45 46 47 48 49 50 51 52 53 54 55 56 57 58 59 60 61 62 63 64 65 66 67 68 69 70 71 72 73 74 75 76 77 78 79 80 81 82 83 84 85 86 87 88 89 90 91 92 93 94 95 96 97 98 99","OSGB"
"181","NBNORG0000049701","Barbastella barbastellus","SS","09 10 11 19 20 21 22 30 31 32 38 39 40 41 42 43 44 48 49 50 51 52 53 54 58 59 60 61 62 63 64 68 69 70 71 72 73 74 75 77 78 79 80 81 82 83 84 87 88 89 90 91 92 93 94 96 97 98 99","OSGB"
"182","NBNORG0000049703","Myotis mystacinus","SK","00 01 02 03 04 05 06 07 08 09 10 11 12 13 14 15 16 17 18 19 20 21 22 23 24 25 26 27 28 29 30 31 32 33 34 35 36 37 38 39 40 41 42 43 44 45 46 47 48 49 50 51 52 53 54 55 56 57 58 59 60 61 62 63 64 65 66 67 68 69 70 71 72 73 74 75 76 77 78 79 80 81 82 83 84 85 86 87 88 89 90 91 92 93 94 95 96 97 98 99","OSGB"
"183","NBNORG0000049703","Myotis mystacinus","SM","62 70 71 72 73 80 81 82 83 84 90 91 92 93 94","OSGB"
"184","NBNORG0000049703","Myotis mystacinus","SN","00 01 02 03 04 10 11 12 13 14 15 20 21 22 23 24 25 30 31 32 33 34 35 36 40 41 42 43 44 45 46 50 51 52 53 54 55 56 57 58 59 60 61 62 63 64 65 66 67 68 69 70 71 72 73 74 75 76 77 78 79 80 81 82 83 84 85 86 87 88 89 90 91 92 93 94 95 96 97 98 99","OSGB"
"185","NBNORG0000049703","Myotis mystacinus","SP","00 01 02 03 04 05 06 07 08 09 10 11 12 13 14 15 16 17 18 19 20 21 22 23 24 25 26 27 28 29 30 31 32 33 34 35 36 37 38 39 40 41 42 43 44 45 46 47 48 49 50 51 52 53 54 55 56 57 58 59 60 61 62 63 64 65 66 67 68 69 70 71 72 73 74 75 76 77 78 79 80 81 82 83 84 85 86 87 88 89 90 91 92 93 94 95 96 97 98 99","OSGB"
"186","NBNORG0000049703","Myotis mystacinus","SR","89 99","OSGB"
"187","NBNORG0000049703","Myotis mystacinus","SS","09 10 11 19 20 21 22 30 31 32 38 39 40 41 42 43 44 48 49 50 51 52 53 54 58 59 60 61 62 63 64 68 69 70 71 72 73 74 75 77 78 79 80 81 82 83 84 87 88 89 90 91 92 93 94 96 97 98 99","OSGB"
"188","NBNORG0000049703","Myotis mystacinus","SO","00 01 02 03 04 05 06 07 08 09 10 11 12 13 14 15 16 17 18 19 20 21 22 23 24 25 26 27 28 29 30 31 32 33 34 35 36 37 38 39 40 41 42 43 44 45 46 47 48 49 50 51 52 53 54 55 56 57 58 59 60 61 62 63 64 65 66 67 68 69 70 71 72 73 74 75 76 77 78 79 80 81 82 83 84 85 86 87 88 89 90 91 92 93 94 95 96 97 98 99","OSGB"
"189","NBNORG0000049703","Myotis mystacinus","SU","00 01 02 03 04 05 06 07 08 09 10 11 12 13 14 15 16 17 18 19 20 21 22 23 24 25 26 27 28 29 30 31 32 33 34 35 36 37 38 39 40 41 42 43 44 45 46 47 48 49 50 51 52 53 54 55 56 57 58 59 60 61 62 63 64 65 66 67 68 69 70 71 72 73 74 75 76 77 78 79 80 81 82 83 84 85 86 87 88 89 90 91 92 93 94 95 96 97 98 99","OSGB"
"190","NBNORG0000049703","Myotis mystacinus","SW","32 33 42 43 44 52 53 54 61 62 63 64 65 71 72 73 74 75 76 81 82 83 84 85 86 87 93 94 95 96 97 98","OSGB"
"191","NBNORG0000049703","Myotis mystacinus","SX","03 04 05 06 07 08 09 14 15 16 17 18 19 25 26 27 28 29 35 36 37 38 39 44 45 46 47 48 49 54 55 56 57 58 59 63 64 65 66 67 68 69 73 74 75 76 77 78 79 83 84 85 86 87 88 89 94 95 96 97 98 99","OSGB"
"192","NBNORG0000049703","Myotis mystacinus","ST","00 01 02 03 04 06 07 08 09 10 11 12 13 14 16 17 18 19 20 21 22 23 24 25 26 27 28 29 30 31 32 33 34 35 36 37 38 39 40 41 42 43 44 45 46 47 48 49 50 51 52 53 54 55 56 57 58 59 60 61 62 63 64 65 66 67 68 69 70 71 72 73 74 75 76 77 78 79 80 81 82 83 84 85 86 87 88 89 90 91 92 93 94 95 96 97 98 99","OSGB"
"193","NBNORG0000049703","Myotis mystacinus","SJ","00 01 02 03 04 05 06 07 08 10 11 12 13 14 15 16 17 18 19 20 21 22 23 24 25 26 27 28 29 30 31 32 33 34 35 36 37 38 39 40 41 42 43 44 45 46 47 48 49 50 51 52 53 54 55 56 57 58 59 60 61 62 63 64 65 66 67 68 69 70 71 72 73 74 75 76 77 78 79 80 81 82 83 84 85 86 87 88 89 90 91 92 93 94 95 96 97 98 99","OSGB"
"194","NBNORG0000049703","Myotis mystacinus","B","70 80 81 82 83 90 91 92 93","OSNI"
"195","NBNORG0000049703","Myotis mystacinus","C","00 01 02 03 10 11 12 13 14 20 21 22 23 24 30 31 32 33 34 40 41 42 43 44 45 50 51 52 53 54 55 60 61 62 63 64 70 71 72 73 80 81 82 83 90 91 92 93 94","OSNI"
"196","NBNORG0000049703","Myotis mystacinus","D","00 01 02 03 04 10 11 12 13 20 21 22 23 30 31 32 40","OSNI"
"197","NBNORG0000049703","Myotis mystacinus","F","80 81 82 83 84 90 91 92 93 94","OSNI"
"198","NBNORG0000049703","Myotis mystacinus","G","00 01 02 03 04 10 11 12 13 14 20 21 22 23 30 31 32 33 40 41 42 43 50 51 52 53 57 58 60 61 62 63 64 67 68 69 70 71 72 73 74 75 76 77 78 79 80 81 82 83 84 85 86 87 88 89 90 91 92 93 94 95 96 97 98 99","OSNI"
"199","NBNORG0000049703","Myotis mystacinus","H","00 01 02 03 04 05 06 07 08 09 10 11 12 13 14 15 16 17 18 19 20 21 22 23 24 25 26 27 28 29 30 31 32 33 34 35 36 37 38 39 40 41 42 43 44 45 46 47 48 49 50 51 52 53 54 55 56 57 58 59 60 61 62 63 64 65 66 67 68 69 70 71 72 73 74 75 76 77 78 79 80 81 82 83 84 85 86 87 88 89 90 91 92 93 94 95 96 97 98 99","OSNI"
"200","NBNORG0000049703","Myotis mystacinus","J","00 01 02 03 04 05 06 07 08 09 10 11 12 13 14 15 16 17 18 19 20 21 22 23 24 25 26 27 28 29 30 31 32 33 34 35 36 37 38 39 41 42 43 44 45 46 47 48 49 53 54 55 56 57 58 59 63 64 65 66 67 68","OSNI"
"201","NBNORG0000049703","Myotis mystacinus","L","63 64 65 73 74 75 76 77 82 83 84 85 86 87 88 89 93 94 95 96 97 98 99","OSNI"
"202","NBNORG0000049703","Myotis mystacinus","M","01 02 03 04 05 06 07 08 09 10 11 12 13 14 15 16 17 18 19 20 21 22 23 24 25 26 27 28 29 30 31 32 33 34 35 36 37 38 39 40 41 42 43 44 45 46 47 48 49 50 51 52 53 54 55 56 57 58 59 60 61 62 63 64 65 66 67 68 69 70 71 72 73 74 75 76 77 78 79 80 81 82 83 84 85 86 87 88 89 90 91 92 93 94 95 96 97 98 99","OSNI"
"203","NBNORG0000049703","Myotis mystacinus","N","00 01 02 03 04 05 06 07 08 09 10 11 12 13 14 15 16 17 18 19 20 21 22 23 24 25 26 27 28 29 30 31 32 33 34 35 36 37 38 39 40 41 42 43 44 45 46 47 48 49 50 51 52 53 54 55 56 57 58 59 60 61 62 63 64 65 66 67 68 69 70 71 72 73 74 75 76 77 78 79 80 81 82 83 84 85 86 87 88 89 90 91 92 93 94 95 96 97 98 99","OSNI"
"204","NBNORG0000049703","Myotis mystacinus","NS","20 21 22 23 24 25 26 27 30 31 32 33 34 35 36 37 40 41 42 43 44 45 46 47 48 50 51 52 53 54 55 56 57 58 60 61 62 63 64 65 66 67 68 70 71 72 73 74 75 76 77 80 81 82 83 84 85 86 87 90 91 92 93 94 95 96 97","OSGB"
"205","NBNORG0000049703","Myotis mystacinus","NT","00 01 02 03 04 05 06 07 10 11 12 13 14 15 16 17 20 21 22 23 24 25 26 27 30 31 32 33 34 35 36 37 40 41 42 43 44 45 46 47 50 51 52 53 54 55 56 57 60 61 62 63 64 65 66 67 70 71 72 73 74 75 76 77 80 81 82 83 84 85 86 87 90 91 92 93 94 95 96","OSGB"
"206","NBNORG0000049703","Myotis mystacinus","NU","00 01 02 03 04 05 10 11 12 13 14 20 21 22 23","OSGB"
"207","NBNORG0000049703","Myotis mystacinus","NW","95 96 97","OSGB"
"208","NBNORG0000049703","Myotis mystacinus","NX","03 04 05 06 07 08 09 13 14 15 16 17 18 19 23 24 25 26 27 28 29 30 33 34 35 36 37 38 39 40 43 44 45 46 47 48 49 54 55 56 57 58 59 64 65 66 67 68 69 74 75 76 77 78 79 84 85 86 87 88 89 90 91 92 93 94 95 96 97 98 99","OSGB"
"209","NBNORG0000049703","Myotis mystacinus","NY","00 01 02 03 04 05 06 07 08 09 10 11 12 13 14 15 16 17 18 19 20 21 22 23 24 25 26 27 28 29 30 31 32 33 34 35 36 37 38 39 40 41 42 43 44 45 46 47 48 49 50 51 52 53 54 55 56 57 58 59 60 61 62 63 64 65 66 67 68 69 70 71 72 73 74 75 76 77 78 79 80 81 82 83 84 85 86 87 88 89 90 91 92 93 94 95 96 97 98 99","OSGB"
"210","NBNORG0000049703","Myotis mystacinus","NZ","00 01 02 03 04 05 06 07 08 09 10 11 12 13 14 15 16 17 18 19 20 21 22 23 24 25 26 27 28 29 30 31 32 33 34 35 36 37 38 39 40 41 42 43 44 45 46 50 51 52 53 60 61 62 70 71 72 80 81 90 91","OSGB"
"211","NBNORG0000049703","Myotis mystacinus","O","00 01 02 03 04 05 06 07 08 09 10 11 12 13 14 15 16 17 18 19 20 21 22 23 24 25 26 27 28 30 31 32 33 34 35","OSNI"
"212","NBNORG0000049703","Myotis mystacinus","OV","00","OSGB"
"213","NBNORG0000049703","Myotis mystacinus","Q","30 40 41 50 51 60 61 70 71 72 73 74 80 81 82 83 84 85 90 91 92 93 94 95","OSNI"
"214","NBNORG0000049703","Myotis mystacinus","R","00 01 02 03 04 05 06 07 08 10 11 12 13 14 15 16 17 18 19 20 21 22 23 24 25 26 27 28 29 30 31 32 33 34 35 36 37 38 39 40 41 42 43 44 45 46 47 48 49 50 51 52 53 54 55 56 57 58 59 60 61 62 63 64 65 66 67 68 69 70 71 72 73 74 75 76 77 78 79 80 81 82 83 84 85 86 87 88 89 90 91 92 93 94 95 96 97 98 99","OSNI"
"215","NBNORG0000049703","Myotis mystacinus","S","00 01 02 03 04 05 06 07 08 09 10 11 12 13 14 15 16 17 18 19 20 21 22 23 24 25 26 27 28 29 30 31 32 33 34 35 36 37 38 39 40 41 42 43 44 45 46 47 48 49 50 51 52 53 54 55 56 57 58 59 60 61 62 63 64 65 66 67 68 69 70 71 72 73 74 75 76 77 78 79 80 81 82 83 84 85 86 87 88 89 90 91 92 93 94 95 96 97 98 99","OSNI"
"216","NBNORG0000049703","Myotis mystacinus","SC","16 17 26 27 28 37 38 39 48 49","OSGB"
"217","NBNORG0000049703","Myotis mystacinus","SD","08 09 16 17 18 19 20 21 22 23 24 25 26 27 28 29 30 31 32 33 34 35 36 37 38 39 40 41 42 43 44 45 46 47 48 49 50 51 52 53 54 55 56 57 58 59 60 61 62 63 64 65 66 67 68 69 70 71 72 73 74 75 76 77 78 79 80 81 82 83 84 85 86 87 88 89 90 91 92 93 94 95 96 97 98 99","OSGB"
"218","NBNORG0000049703","Myotis mystacinus","SE","00 01 02 03 04 05 06 07 08 09 10 11 12 13 14 15 16 17 18 19 20 21 22 23 24 25 26 27 28 29 30 31 32 33 34 35 36 37 38 39 40 41 42 43 44 45 46 47 48 49 50 51 52 53 54 55 56 57 58 59 60 61 62 63 64 65 66 67 68 69 70 71 72 73 74 75 76 77 78 79 80 81 82 83 84 85 86 87 88 89 90 91 92 93 94 95 96 97 98 99","OSGB"
"219","NBNORG0000049703","Myotis mystacinus","SH","12 13 22 23 24 27 28 29 32 33 34 36 37 38 39 43 44 45 46 47 48 49 50 51 52 53 54 55 56 57 58 59 60 61 62 63 64 65 66 67 68 70 71 72 73 74 75 76 77 78 80 81 82 83 84 85 86 87 88 90 91 92 93 94 95 96 97 98","OSGB"
"220","NBNORG0000049703","Myotis mystacinus","SY","07 08 09 18 19 28 29 38 39 48 49 58 59 66 67 68 69 77 78 79 87 88 89 97 98 99","OSGB"
"221","NBNORG0000049703","Myotis mystacinus","SZ","07 08 09 19 28 29 38 39 47 48 49 57 58 59 68 69 79 89 99","OSGB"
"222","NBNORG0000049703","Myotis mystacinus","T","00 01 02 03 04 05 06 07 08 09 10 11 12 13 14 15 16 17 18 19 20 23 24 25 26 27 28 29 36 37 38 39","OSNI"
"223","NBNORG0000049703","Myotis mystacinus","TA","00 01 02 03 04 05 06 07 08 09 10 11 12 13 14 15 16 17 18 20 21 22 23 24 25 26 27 30 31 32 33 40 41 42","OSGB"
"224","NBNORG0000049703","Myotis mystacinus","TF","00 01 02 03 04 05 06 07 08 09 10 11 12 13 14 15 16 17 18 19 20 21 22 23 24 25 26 27 28 29 30 31 32 33 34 35 36 37 38 39 40 41 42 43 44 45 46 47 48 49 50 51 52 53 54 55 56 57 58 60 61 62 63 64 65 70 71 72 73 74 80 81 82 83 84 90 91 92 93 94","OSGB"
"225","NBNORG0000049703","Myotis mystacinus","TG","00 01 02 03 04 10 11 12 13 14 20 21 22 23 24 30 31 32 33 40 41 42 50 51","OSGB"
"226","NBNORG0000049703","Myotis mystacinus","TL","00 01 02 03 04 05 06 07 08 09 10 11 12 13 14 15 16 17 18 19 20 21 22 23 24 25 26 27 28 29 30 31 32 33 34 35 36 37 38 39 40 41 42 43 44 45 46 47 48 49 50 51 52 53 54 55 56 57 58 59 60 61 62 63 64 65 66 67 68 69 70 71 72 73 74 75 76 77 78 79 80 81 82 83 84 85 86 87 88 89 90 91 92 93 94 95 96 97 98 99","OSGB"
"227","NBNORG0000049703","Myotis mystacinus","TM","00 01 02 03 04 05 06 07 08 09 10 11 12 13 14 15 16 17 18 19 21 22 23 24 25 26 27 28 29 31 32 33 34 35 36 37 38 39 44 45 46 47 48 49 57 58 59","OSGB"
"228","NBNORG0000049703","Myotis mystacinus","TQ","00 01 02 03 04 05 06 07 08 09 10 11 12 13 14 15 16 17 18 19 20 21 22 23 24 25 26 27 28 29 30 31 32 33 34 35 36 37 38 39 40 41 42 43 44 45 46 47 48 49 50 51 52 53 54 55 56 57 58 59 60 61 62 63 64 65 66 67 68 69 70 71 72 73 74 75 76 77 78 79 80 81 82 83 84 85 86 87 88 89 91 92 93 94 95 96 97 98 99","OSGB"
"229","NBNORG0000049703","Myotis mystacinus","TR","01 02 03 04 05 06 07 08 09 12 13 14 15 16 17 19 23 24 25 26 27 33 34 35 36 37 46 47","OSGB"
"230","NBNORG0000049703","Myotis mystacinus","TV","49 59 69","OSGB"
"231","NBNORG0000049703","Myotis mystacinus","V","29 38 39 45 46 47 48 49 53 54 55 56 57 58 59 63 64 65 66 67 68 69 72 73 74 75 76 77 78 79 82 83 84 85 86 87 88 89 92 93 94 95 96 97 98 99","OSNI"
"232","NBNORG0000049703","Myotis mystacinus","W","01 02 03 04 05 06 07 08 09 12 13 14 15 16 17 18 19 22 23 24 25 26 27 28 29 32 33 34 35 36 37 38 39 42 43 44 45 46 47 48 49 53 54 55 56 57 58 59 63 64 65 66 67 68 69 74 75 76 77 78 79 84 85 86 87 88 89 95 96 97 98 99","OSNI"
"233","NBNORG0000049703","Myotis mystacinus","X","06 07 08 09 16 17 18 19 27 28 29 37 38 39 49 59 69 79 89","OSNI"
"234","NBNORG0000049704","Myotis nattereri","TV","49 59 69","OSGB"
"235","NBNORG0000049704","Myotis nattereri","V","38 39 45 46 48 49 53 54 55 56 57 59 63 64 65 66 67 69 73 74 75 76 77 78 79 81 82 83 84 85 86 87 88 89 92 93 94 95 96 97 98 99","OSNI"
"236","NBNORG0000049704","Myotis nattereri","W","01 02 03 04 05 06 07 08 09 11 12 13 14 15 16 17 18 19 22 23 24 25 26 27 28 29 32 33 34 35 36 37 38 39 42 43 44 45 46 47 48 49 52 53 54 55 56 57 58 59 63 64 65 66 67 68 69 73 74 75 76 77 78 79 84 85 86 87 88 89 95 96 97 98 99","OSNI"
"237","NBNORG0000049704","Myotis nattereri","X","05 06 07 08 09 16 17 18 19 26 27 28 29 37 38 39 48 49 59 69 79 89","OSNI"
"238","NBNORG0000049704","Myotis nattereri","Y","09 19 29","OSNI"
"239","NBNORG0000049704","Myotis nattereri","NU","00 01 02 03 04 05 10 11 12 13 14 20 21 22 23","OSGB"
"240","NBNORG0000049704","Myotis nattereri","NW","95 96 97","OSGB"
"241","NBNORG0000049704","Myotis nattereri","NX","03 04 05 06 07 08 09 13 14 15 16 17 18 19 23 24 25 26 27 28 29 30 33 34 35 36 37 38 39 40 43 44 45 46 47 48 49 54 55 56 57 58 59 64 65 66 67 68 69 74 75 76 77 78 79 84 85 86 87 88 89 90 91 92 93 94 95 96 97 98 99","OSGB"
"242","NBNORG0000049704","Myotis nattereri","NY","00 01 02 03 04 05 06 07 08 09 10 11 12 13 14 15 16 17 18 19 20 21 22 23 24 25 26 27 28 29 30 31 32 33 34 35 36 37 38 39 40 41 42 43 44 45 46 47 48 49 50 51 52 53 54 55 56 57 58 59 60 61 62 63 64 65 66 67 68 69 70 71 72 73 74 75 76 77 78 79 80 81 82 83 84 85 86 87 88 89 90 91 92 93 94 95 96 97 98 99","OSGB"
"243","NBNORG0000049704","Myotis nattereri","NZ","00 01 02 03 04 05 06 07 08 09 10 11 12 13 14 15 16 17 18 19 20 21 22 23 24 25 26 27 28 29 30 31 32 33 34 35 36 37 38 39 40 41 42 43 44 45 46 50 51 52 53 60 61 62 70 71 72 80 81 90 91","OSGB"
"244","NBNORG0000049704","Myotis nattereri","O","00 01 02 03 04 05 06 07 08 09 10 11 12 13 14 15 16 17 18 19 20 21 22 23 24 25 26 27 28 29 30 31 32 33 34 35 36","OSNI"
"245","NBNORG0000049704","Myotis nattereri","OV","00","OSGB"
"246","NBNORG0000049704","Myotis nattereri","TR","01 02 03 04 05 06 07 08 09 12 13 14 15 16 17 19 23 24 25 26 27 33 34 35 36 37 46 47","OSGB"
"247","NBNORG0000049704","Myotis nattereri","B","72 80 81 82 90 91 92 93","OSNI"
"248","NBNORG0000049704","Myotis nattereri","C","00 01 02 03 10 11 12 13 20 21 22 23 24 30 31 32 33 34 40 41 42 43 44 45 50 51 52 53 54 55 60 61 62 63 64 70 71 72 73 74 80 81 82 83 90 91 92 93 94","OSNI"
"249","NBNORG0000049704","Myotis nattereri","D","00 01 02 03 04 10 11 12 13 20 21 22 23 30 31 32 40","OSNI"
"250","NBNORG0000049704","Myotis nattereri","F","81 90 91 92 93","OSNI"
"251","NBNORG0000049704","Myotis nattereri","G","00 01 02 03 10 11 12 13 20 21 22 23 30 31 32 33 40 41 42 43 44 50 51 52 53 54 56 57 58 60 61 62 63 64 65 66 67 68 69 70 71 72 73 74 75 76 77 78 79 80 81 82 83 84 85 86 87 88 89 90 91 92 93 94 95 96 97 98 99","OSNI"
"252","NBNORG0000049704","Myotis nattereri","H","00 01 02 03 04 05 06 07 08 09 10 11 12 13 14 15 16 17 18 19 20 21 22 23 24 25 26 27 28 29 30 31 32 33 34 35 36 37 38 39 40 41 42 43 44 45 46 47 48 49 50 51 52 53 54 55 56 57 58 59 60 61 62 63 64 65 66 67 68 69 70 71 72 73 74 75 76 77 78 79 80 81 82 83 84 85 86 87 88 89 90 91 92 93 94 95 96 97 98 99","OSNI"
"253","NBNORG0000049704","Myotis nattereri","J","00 01 02 03 04 05 06 07 08 09 10 11 12 13 14 15 16 17 18 19 20 21 22 23 24 25 26 27 28 29 30 31 32 33 34 35 36 37 38 39 41 42 43 44 45 46 47 48 49 53 54 55 56 57 58 59 63 64 65 66 67 75 76","OSNI"
"254","NBNORG0000049704","Myotis nattereri","L","62 63 64 65 66 72 73 74 75 76 82 83 84 85 86 93 94 95 96 97 98 99","OSNI"
"255","NBNORG0000049704","Myotis nattereri","M","01 02 03 04 05 06 07 08 09 10 11 12 13 14 15 16 17 18 19 20 21 22 23 24 25 26 27 28 29 30 31 32 33 34 35 36 37 38 39 40 41 42 43 44 45 46 47 48 49 50 51 52 53 54 55 56 57 58 59 60 61 62 63 64 65 66 67 68 69 70 71 72 73 74 75 76 77 78 79 80 81 82 83 84 85 86 87 88 89 90 91 92 93 94 95 96 97 98 99","OSNI"
"256","NBNORG0000049704","Myotis nattereri","N","00 01 02 03 04 05 06 07 08 09 10 11 12 13 14 15 16 17 18 19 20 21 22 23 24 25 26 27 28 29 30 31 32 33 34 35 36 37 38 39 40 41 42 43 44 45 46 47 48 49 50 51 52 53 54 55 56 57 58 59 60 61 62 63 64 65 66 67 68 69 70 71 72 73 74 75 76 77 78 79 80 81 82 83 84 85 86 87 88 89 90 91 92 93 94 95 96 97 98 99","OSNI"
"257","NBNORG0000049704","Myotis nattereri","NG","70","OSGB"
"258","NBNORG0000049704","Myotis nattereri","NH","43 44 45 46 47 52 53 54 55 56 57 63 64 65 66 67 68 73 74 75 76 77 78 83 84 85 86 87 88 94 95 96 97 98","OSGB"
"259","NBNORG0000049704","Myotis nattereri","NJ","04 05 80 91","OSGB"
"260","NBNORG0000049704","Myotis nattereri","NM","46 55 56 64 65 66 67 68 69 71 74 75 76 79 80 81 82 83 84 85 86 93 94 95 96","OSGB"
"261","NBNORG0000049704","Myotis nattereri","NN","06 70 80 90 91","OSGB"
"262","NBNORG0000049704","Myotis nattereri","NO","00 01 02 03 04 10 11 12 13 14 15 20 21 22 23 24 25 26 30 31 32 33 34 35 36 40 41 42 43 44 45 46 47 50 51 52 53 54 55 56 57 58 60 61 63 64 65 66 67 68 74 75 76 77 78 79 86 87 88 89 99","OSGB"
"263","NBNORG0000049704","Myotis nattereri","NR","50 51 60 61 62 63 64 65 70 71 72 73 74 75 76 77 78 79 82 83 84 85 86 87 88 89 91 92 93 94 95 96 97","OSGB"
"264","NBNORG0000049704","Myotis nattereri","NS","00 01 02 03 04 05 06 07 10 14 15 16 17 20 21 22 23 24 25 26 27 30 31 32 33 34 35 36 40 41 42 43 44 45 46 47 50 51 52 53 54 55 56 57 60 61 62 63 64 65 66 67 68 69 70 71 72 73 74 75 76 77 78 79 80 81 82 83 84 85 86 87 88 89 90 91 92 93 94 95 96 97 98 99","OSGB"
"265","NBNORG0000049704","Myotis nattereri","NT","00 01 02 03 04 05 06 07 08 09 10 11 12 13 14 15 16 17 18 19 20 21 22 23 24 25 26 27 28 29 30 31 32 33 34 35 36 37 38 39 40 41 42 43 44 45 46 47 48 49 50 51 52 53 54 55 56 57 58 59 60 61 62 63 64 65 66 67 68 69 70 71 72 73 74 75 76 77 80 81 82 83 84 85 86 87 90 91 92 93 94 95 96","OSGB"
"266","NBNORG0000049704","Myotis nattereri","SH","12 13 22 23 24 27 28 29 32 33 34 36 37 38 39 43 44 45 46 47 48 49 50 51 52 53 54 55 56 57 58 59 60 61 62 63 64 65 66 67 68 70 71 72 73 74 75 76 77 78 80 81 82 83 84 85 86 87 88 90 91 92 93 94 95 96 97 98","OSGB"
"267","NBNORG0000049704","Myotis nattereri","SJ","00 01 02 03 04 05 06 07 08 10 11 12 13 14 15 16 17 18 19 20 21 22 23 24 25 26 27 28 29 30 31 32 33 34 35 36 37 38 39 40 41 42 43 44 45 46 47 48 49 50 51 52 53 54 55 56 57 58 59 60 61 62 63 64 65 66 67 68 69 70 71 72 73 74 75 76 77 78 79 80 81 82 83 84 85 86 87 88 89 90 91 92 93 94 95 96 97 98 99","OSGB"
"268","NBNORG0000049704","Myotis nattereri","SK","00 01 02 03 04 05 06 07 08 09 10 11 12 13 14 15 16 17 18 19 20 21 22 23 24 25 26 27 28 29 30 31 32 33 34 35 36 37 38 39 40 41 42 43 44 45 46 47 48 49 50 51 52 53 54 55 56 57 58 59 60 61 62 63 64 65 66 67 68 69 70 71 72 73 74 75 76 77 78 79 80 81 82 83 84 85 86 87 88 89 90 91 92 93 94 95 96 97 98 99","OSGB"
"269","NBNORG0000049704","Myotis nattereri","SM","60 62 70 71 72 73 80 81 82 83 84 90 91 92 93 94","OSGB"
"270","NBNORG0000049704","Myotis nattereri","SN","00 01 02 03 04 10 11 12 13 14 15 20 21 22 23 24 25 30 31 32 33 34 35 36 40 41 42 43 44 45 46 50 51 52 53 54 55 56 57 58 59 60 61 62 63 64 65 66 67 68 69 70 71 72 73 74 75 76 77 78 79 80 81 82 83 84 85 86 87 88 89 90 91 92 93 94 95 96 97 98 99","OSGB"
"271","NBNORG0000049704","Myotis nattereri","SO","00 01 02 03 04 05 06 07 08 09 10 11 12 13 14 15 16 17 18 19 20 21 22 23 24 25 26 27 28 29 30 31 32 33 34 35 36 37 38 39 40 41 42 43 44 45 46 47 48 49 50 51 52 53 54 55 56 57 58 59 60 61 62 63 64 65 66 67 68 69 70 71 72 73 74 75 76 77 78 79 80 81 82 83 84 85 86 87 88 89 90 91 92 93 94 95 96 97 98 99","OSGB"
"272","NBNORG0000049704","Myotis nattereri","SP","00 01 02 03 04 05 06 07 08 09 10 11 12 13 14 15 16 17 18 19 20 21 22 23 24 25 26 27 28 29 30 31 32 33 34 35 36 37 38 39 40 41 42 43 44 45 46 47 48 49 50 51 52 53 54 55 56 57 58 59 60 61 62 63 64 65 66 67 68 69 70 71 72 73 74 75 76 77 78 79 80 81 82 83 84 85 86 87 88 89 90 91 92 93 94 95 96 97 98 99","OSGB"
"273","NBNORG0000049704","Myotis nattereri","Q","30 40 50 51 60 61 70 71 72 73 74 80 81 82 83 84 85 86 90 91 92 93 94 95 96","OSNI"
"274","NBNORG0000049704","Myotis nattereri","R","00 01 02 03 04 05 06 07 08 10 11 12 13 14 15 16 17 18 19 20 21 22 23 24 25 26 27 28 29 30 31 32 33 34 35 36 37 38 39 40 41 42 43 44 45 46 47 48 49 50 51 52 53 54 55 56 57 58 59 60 61 62 63 64 65 66 67 68 69 70 71 72 73 74 75 76 77 78 79 80 81 82 83 84 85 86 87 88 89 90 91 92 93 94 95 96 97 98 99","OSNI"
"275","NBNORG0000049704","Myotis nattereri","S","00 01 02 03 04 05 06 07 08 09 10 11 12 13 14 15 16 17 18 19 20 21 22 23 24 25 26 27 28 29 30 31 32 33 34 35 36 37 38 39 40 41 42 43 44 45 46 47 48 49 50 51 52 53 54 55 56 57 58 59 60 61 62 63 64 65 66 67 68 69 70 71 72 73 74 75 76 77 78 79 80 81 82 83 84 85 86 87 88 89 90 91 92 93 94 95 96 97 98 99","OSNI"
"276","NBNORG0000049704","Myotis nattereri","SC","16 17 18 26 27 28 37 38 39 47 48 49","OSGB"
"277","NBNORG0000049704","Myotis nattereri","SD","08 09 16 17 18 19 20 21 22 23 24 25 26 27 28 29 30 31 32 33 34 35 36 37 38 39 40 41 42 43 44 45 46 47 48 49 50 51 52 53 54 55 56 57 58 59 60 61 62 63 64 65 66 67 68 69 70 71 72 73 74 75 76 77 78 79 80 81 82 83 84 85 86 87 88 89 90 91 92 93 94 95 96 97 98 99","OSGB"
"278","NBNORG0000049704","Myotis nattereri","SE","00 01 02 03 04 05 06 07 08 09 10 11 12 13 14 15 16 17 18 19 20 21 22 23 24 25 26 27 28 29 30 31 32 33 34 35 36 37 38 39 40 41 42 43 44 45 46 47 48 49 50 51 52 53 54 55 56 57 58 59 60 61 62 63 64 65 66 67 68 69 70 71 72 73 74 75 76 77 78 79 80 81 82 83 84 85 86 87 88 89 90 91 92 93 94 95 96 97 98 99","OSGB"
"279","NBNORG0000049704","Myotis nattereri","SY","07 08 09 18 19 28 29 38 39 48 49 58 59 66 67 68 69 77 78 79 87 88 89 97 98 99","OSGB"
"280","NBNORG0000049704","Myotis nattereri","SZ","07 08 09 19 28 29 38 39 47 48 49 57 58 59 68 69 79 89 99","OSGB"
"281","NBNORG0000049704","Myotis nattereri","T","00 01 02 03 04 05 06 07 08 09 10 11 12 13 14 15 16 17 18 19 20 21 22 23 24 25 26 27 28 29 34 36 37 38 39 48 49","OSNI"
"282","NBNORG0000049704","Myotis nattereri","TA","00 01 02 03 04 05 06 07 08 09 10 11 12 13 14 15 16 17 18 20 21 22 23 24 25 26 27 30 31 32 33 40 41 42","OSGB"
"283","NBNORG0000049704","Myotis nattereri","TF","00 01 02 03 04 05 06 07 08 09 10 11 12 13 14 15 16 17 18 19 20 21 22 23 24 25 26 27 28 29 30 31 32 33 34 35 36 37 38 39 40 41 42 43 44 45 46 47 48 49 50 51 52 53 54 55 56 57 58 60 61 62 63 64 65 70 71 72 73 74 80 81 82 83 84 90 91 92 93 94","OSGB"
"284","NBNORG0000049704","Myotis nattereri","TG","00 01 02 03 04 10 11 12 13 14 20 21 22 23 24 30 31 32 33 40 41 42 50 51","OSGB"
"285","NBNORG0000049704","Myotis nattereri","TL","00 01 02 03 04 05 06 07 08 09 10 11 12 13 14 15 16 17 18 19 20 21 22 23 24 25 26 27 28 29 30 31 32 33 34 35 36 37 38 39 40 41 42 43 44 45 46 47 48 49 50 51 52 53 54 55 56 57 58 59 60 61 62 63 64 65 66 67 68 69 70 71 72 73 74 75 76 77 78 79 80 81 82 83 84 85 86 87 88 89 90 91 92 93 94 95 96 97 98 99","OSGB"
"286","NBNORG0000049704","Myotis nattereri","SR","89 99","OSGB"
"287","NBNORG0000049704","Myotis nattereri","SS","09 10 11 14 19 20 21 22 30 31 32 38 39 40 41 42 43 44 48 49 50 51 52 53 54 58 59 60 61 62 63 64 68 69 70 71 72 73 74 75 77 78 79 80 81 82 83 84 87 88 89 90 91 92 93 94 96 97 98 99","OSGB"
"288","NBNORG0000049704","Myotis nattereri","ST","00 01 02 03 04 06 07 08 09 10 11 12 13 14 16 17 18 19 20 21 22 23 24 25 26 27 28 29 30 31 32 33 34 35 36 37 38 39 40 41 42 43 44 45 46 47 48 49 50 51 52 53 54 55 56 57 58 59 60 61 62 63 64 65 66 67 68 69 70 71 72 73 74 75 76 77 78 79 80 81 82 83 84 85 86 87 88 89 90 91 92 93 94 95 96 97 98 99","OSGB"
"289","NBNORG0000049704","Myotis nattereri","SU","00 01 02 03 04 05 06 07 08 09 10 11 12 13 14 15 16 17 18 19 20 21 22 23 24 25 26 27 28 29 30 31 32 33 34 35 36 37 38 39 40 41 42 43 44 45 46 47 48 49 50 51 52 53 54 55 56 57 58 59 60 61 62 63 64 65 66 67 68 69 70 71 72 73 74 75 76 77 78 79 80 81 82 83 84 85 86 87 88 89 90 91 92 93 94 95 96 97 98 99","OSGB"
"290","NBNORG0000049704","Myotis nattereri","SW","32 33 42 43 44 52 53 54 61 62 63 64 65 71 72 73 74 75 76 81 82 83 84 85 86 87 93 94 95 96 97 98","OSGB"
"291","NBNORG0000049704","Myotis nattereri","SX","03 04 05 06 07 08 09 14 15 16 17 18 19 25 26 27 28 29 35 36 37 38 39 44 45 46 47 48 49 54 55 56 57 58 59 63 64 65 66 67 68 69 73 74 75 76 77 78 79 83 84 85 86 87 88 89 94 95 96 97 98 99","OSGB"
"292","NBNORG0000049704","Myotis nattereri","TQ","00 01 02 03 04 05 06 07 08 09 10 11 12 13 14 15 16 17 18 19 20 21 22 23 24 25 26 27 28 29 30 31 32 33 34 35 36 37 38 39 40 41 42 43 44 45 46 47 48 49 50 51 52 53 54 55 56 57 58 59 60 61 62 63 64 65 66 67 68 69 70 71 72 73 74 75 76 77 78 79 80 81 82 83 84 85 86 87 88 89 91 92 93 94 95 96 97 98 99","OSGB"
"293","NBNORG0000049704","Myotis nattereri","TM","00 01 02 03 04 05 06 07 08 09 10 11 12 13 14 15 16 17 18 19 21 22 23 24 25 26 27 28 29 31 32 33 34 35 36 37 38 39 44 45 46 47 48 49 57 58 59","OSGB"
"294","NBNORG0000049705","Nyctalus leisleri","C","00 01 02 03 10 11 12 13 20 21 22 23 24 30 31 32 33 34 40 41 42 43 44 45 50 51 52 53 54 55 60 61 62 63 64 70 71 72 73 80 81 82 83 90 91 92 93 94","OSNI"
"295","NBNORG0000049705","Nyctalus leisleri","D","00 02 03 04 10 11 12 13 20 21 22 23 30 31","OSNI"
"296","NBNORG0000049705","Nyctalus leisleri","B","80 81 82 90 91 92 93","OSNI"
"297","NBNORG0000049705","Nyctalus leisleri","H","00 01 02 03 04 05 06 07 08 09 10 11 12 13 14 15 16 17 18 19 20 21 22 23 24 25 26 27 28 29 30 31 32 33 34 35 36 37 38 39 40 41 42 43 44 45 46 47 48 49 50 51 52 53 54 55 56 57 58 59 60 61 62 63 64 65 66 67 68 69 70 71 72 73 74 75 76 77 78 79 80 81 82 83 84 85 86 87 88 89 90 91 92 93 94 95 96 97 98 99","OSNI"
"298","NBNORG0000049705","Nyctalus leisleri","J","00 01 02 03 04 05 06 07 08 09 10 11 12 13 14 15 16 17 18 19 20 21 22 23 24 25 26 27 28 29 30 31 32 33 34 35 36 37 38 39 41 42 43 44 45 46 47 48 49 53 54 55 56 57 58 63 64 65 66 67","OSNI"
"299","NBNORG0000049705","Nyctalus leisleri","F","80 81 82 83 90 91 92 93","OSNI"
"300","NBNORG0000049705","Nyctalus leisleri","G","00 01 02 03 10 11 12 13 20 21 22 23 30 31 32 33 40 41 42 43 50 51 52 53 56 57 58 60 61 62 63 64 65 66 67 68 69 70 71 72 73 74 75 76 77 78 79 80 81 82 83 84 85 86 87 88 89 90 91 92 93 94 95 96 97 98 99","OSNI"
"301","NBNORG0000049705","Nyctalus leisleri","M","00 01 02 03 04 05 06 07 08 09 10 11 12 13 14 15 16 17 18 19 20 21 22 23 24 25 26 27 28 29 30 31 32 33 34 35 36 37 38 39 40 41 42 43 44 45 46 47 48 49 50 51 52 53 54 55 56 57 58 59 60 61 62 63 64 65 66 67 68 69 70 71 72 73 74 75 76 77 78 79 80 81 82 83 84 85 86 87 88 89 90 91 92 93 94 95 96 97 98 99","OSNI"
"302","NBNORG0000049705","Nyctalus leisleri","N","00 01 02 03 04 05 06 07 08 09 10 11 12 13 14 15 16 17 18 19 20 21 22 23 24 25 26 27 28 29 30 31 32 33 34 35 36 37 38 39 40 41 42 43 44 45 46 47 48 49 50 51 52 53 54 55 56 57 58 59 60 61 62 63 64 65 66 67 68 69 70 71 72 73 74 75 76 77 78 79 80 81 82 83 84 85 86 87 88 89 90 91 92 93 94 95 96 97 98 99","OSNI"
"303","NBNORG0000049705","Nyctalus leisleri","NX","30 40 54 55 63 64 65 66 73 74 75 76 84 85","OSGB"
"304","NBNORG0000049705","Nyctalus leisleri","O","00 01 02 03 04 05 06 07 08 09 10 11 12 13 14 15 16 17 18 19 20 21 22 23 24 25 26 27 28 30 31 32 33 34 35","OSNI"
"305","NBNORG0000049705","Nyctalus leisleri","Q","40 50 60 70 71 72 73 74 80 81 82 83 84 85 90 91 92 93 94 95 96","OSNI"
"306","NBNORG0000049705","Nyctalus leisleri","R","00 01 02 03 04 05 06 07 08 09 10 11 12 13 14 15 16 17 18 19 20 21 22 23 24 25 26 27 28 29 30 31 32 33 34 35 36 37 38 39 40 41 42 43 44 45 46 47 48 49 50 51 52 53 54 55 56 57 58 59 60 61 62 63 64 65 66 67 68 69 70 71 72 73 74 75 76 77 78 79 80 81 82 83 84 85 86 87 88 89 90 91 92 93 94 95 96 97 98 99","OSNI"
"307","NBNORG0000049705","Nyctalus leisleri","S","00 01 02 03 04 05 06 07 08 09 10 11 12 13 14 15 16 17 18 19 20 21 22 23 24 25 26 27 28 29 30 31 32 33 34 35 36 37 38 39 40 41 42 43 44 45 46 47 48 49 50 51 52 53 54 55 56 57 58 59 60 61 62 63 64 65 66 67 68 69 70 71 72 73 74 75 76 77 78 79 80 81 82 83 84 85 86 87 88 89 90 91 92 93 94 95 96 97 98 99","OSNI"
"308","NBNORG0000049705","Nyctalus leisleri","SC","16 17 26 27 28 29 36 37 38 39 48 49","OSGB"
"309","NBNORG0000049705","Nyctalus leisleri","SE","20 21 30 31 40","OSGB"
"310","NBNORG0000049705","Nyctalus leisleri","SK","26 27 28 29 34 35 36 37 38 39 43 44 45 46 47 48 49 53 54 55 56 57 58 59 62 63 64 65 66 67 72 73 74 75 76","OSGB"
"311","NBNORG0000049705","Nyctalus leisleri","T","00 01 02 03 04 05 06 07 08 09 10 11 12 13 14 15 16 17 18 19 20 22 23 24 25 26 27 28 29 36 37 38 39 48","OSNI"
"312","NBNORG0000049705","Nyctalus leisleri","TL","10 20 21 30 31 32 40 41 42 50 51 52 60 61 62 63 70 71 72 73 80 81 82 83 90 91 92 93","OSGB"
"313","NBNORG0000049705","Nyctalus leisleri","L","62 63 64 65 66 72 73 74 75 76 82 83 84 85 86 87 88 89 92 93 94 95 96 97 98 99","OSNI"
"314","NBNORG0000049705","Nyctalus leisleri","TQ","05 06 07 08 15 16 17 18 19 24 25 26 27 28 29 34 35 36 37 38 39 44 45 46 47 48 49 55 56 57 58 59 66 67 68 69 77 78 79 87 88 89 98 99","OSGB"
"315","NBNORG0000049705","Nyctalus leisleri","TR","09","OSGB"
"316","NBNORG0000049705","Nyctalus leisleri","V","28 38 39 45 46 48 49 52 53 55 56 57 59 63 64 65 66 67 69 73 74 75 76 77 78 79 81 82 83 84 85 86 87 88 89 92 93 94 95 96 97 98 99","OSNI"
"317","NBNORG0000049705","Nyctalus leisleri","W","01 02 03 04 05 06 07 08 09 11 12 13 14 15 16 17 18 19 22 23 24 25 26 27 28 29 32 33 34 35 36 37 38 39 42 43 44 45 46 47 48 49 52 53 54 55 56 57 58 59 63 64 65 66 67 68 69 73 74 75 76 77 78 79 84 85 86 87 88 89 95 96 97 98 99","OSNI"
"318","NBNORG0000049705","Nyctalus leisleri","X","05 06 07 08 09 16 17 18 19 27 28 29 37 38 39 48 49 59 69 79 89","OSNI"
"319","NBNORG0000049705","Nyctalus leisleri","Y","09 19 29","OSNI"
"320","NBNORG0000049705","Nyctalus leisleri","TM","00 01 02 03 11 12 13 23","OSGB"
"321","NBNORG0000049706","Nyctalus noctula","SO","00 01 02 03 04 05 06 07 08 09 10 11 12 13 14 15 16 17 18 19 20 21 22 23 24 25 26 27 28 29 30 31 32 33 34 35 36 37 38 39 40 41 42 43 44 45 46 47 48 49 50 51 52 53 54 55 56 57 58 59 60 61 62 63 64 65 66 67 68 69 70 71 72 73 74 75 76 77 78 79 80 81 82 83 84 85 86 87 88 89 90 91 92 93 94 95 96 97 98 99","OSGB"
"322","NBNORG0000049706","Nyctalus noctula","SP","00 01 02 03 04 05 06 07 08 09 10 11 12 13 14 15 16 17 18 19 20 21 22 23 24 25 26 27 28 29 30 31 32 33 34 35 36 37 38 39 40 41 42 43 44 45 46 47 48 49 50 51 52 53 54 55 56 57 58 59 60 61 62 63 64 65 66 67 68 69 70 71 72 73 74 75 76 77 78 79 80 81 82 83 84 85 86 87 88 89 90 91 92 93 94 95 96 97 98 99","OSGB"
"323","NBNORG0000049706","Nyctalus noctula","SS","09 10 11 19 20 21 22 30 31 32 38 39 40 41 42 43 44 48 49 50 51 52 53 54 58 59 60 61 62 63 64 68 69 70 71 72 73 74 75 77 78 79 80 81 82 83 84 87 88 89 90 91 92 93 94 96 97 98 99","OSGB"
"324","NBNORG0000049706","Nyctalus noctula","ST","00 01 02 03 04 06 07 08 09 10 11 12 13 14 16 17 18 19 20 21 22 23 24 25 26 27 28 29 30 31 32 33 34 35 36 37 38 39 40 41 42 43 44 45 46 47 48 49 50 51 52 53 54 55 56 57 58 59 60 61 62 63 64 65 66 67 68 69 70 71 72 73 74 75 76 77 78 79 80 81 82 83 84 85 86 87 88 89 90 91 92 93 94 95 96 97 98 99","OSGB"
"325","NBNORG0000049706","Nyctalus noctula","SU","00 01 02 03 04 05 06 07 08 09 10 11 12 13 14 15 16 17 18 19 20 21 22 23 24 25 26 27 28 29 30 31 32 33 34 35 36 37 38 39 40 41 42 43 44 45 46 47 48 49 50 51 52 53 54 55 56 57 58 59 60 61 62 63 64 65 66 67 68 69 70 71 72 73 74 75 76 77 78 79 80 81 82 83 84 85 86 87 88 89 90 91 92 93 94 95 96 97 98 99","OSGB"
"326","NBNORG0000049706","Nyctalus noctula","SR","89 99","OSGB"
"327","NBNORG0000049706","Nyctalus noctula","SE","00 01 02 03 04 05 06 07 08 09 10 11 12 13 14 15 16 17 18 19 20 21 22 23 24 25 26 27 28 29 30 31 32 33 34 35 36 37 38 39 40 41 42 43 44 45 46 47 48 49 50 51 52 53 54 55 56 57 58 59 60 61 62 63 64 65 66 67 68 69 70 71 72 73 74 75 76 77 78 79 80 81 82 83 84 85 86 87 88 89 90 91 92 93 94 95 96 97 98 99","OSGB"
"328","NBNORG0000049706","Nyctalus noctula","SH","12 13 22 23 24 27 28 29 32 33 34 36 37 38 39 43 44 45 46 47 48 49 50 51 52 53 54 55 56 57 58 59 60 61 62 63 64 65 66 67 68 70 71 72 73 74 75 76 77 78 80 81 82 83 84 85 86 87 88 90 91 92 93 94 95 96 97 98","OSGB"
"329","NBNORG0000049706","Nyctalus noctula","SJ","00 01 02 03 04 05 06 07 08 10 11 12 13 14 15 16 17 18 19 20 21 22 23 24 25 26 27 28 29 30 31 32 33 34 35 36 37 38 39 40 41 42 43 44 45 46 47 48 49 50 51 52 53 54 55 56 57 58 59 60 61 62 63 64 65 66 67 68 69 70 71 72 73 74 75 76 77 78 79 80 81 82 83 84 85 86 87 88 89 90 91 92 93 94 95 96 97 98 99","OSGB"
"330","NBNORG0000049706","Nyctalus noctula","SK","00 01 02 03 04 05 06 07 08 09 10 11 12 13 14 15 16 17 18 19 20 21 22 23 24 25 26 27 28 29 30 31 32 33 34 35 36 37 38 39 40 41 42 43 44 45 46 47 48 49 50 51 52 53 54 55 56 57 58 59 60 61 62 63 64 65 66 67 68 69 70 71 72 73 74 75 76 77 78 79 80 81 82 83 84 85 86 87 88 89 90 91 92 93 94 95 96 97 98 99","OSGB"
"331","NBNORG0000049706","Nyctalus noctula","SM","62 70 71 72 73 80 81 82 83 84 90 91 92 93 94","OSGB"
"332","NBNORG0000049706","Nyctalus noctula","SN","00 01 02 03 04 10 11 12 13 14 15 20 21 22 23 24 25 30 31 32 33 34 35 36 40 41 42 43 44 45 46 50 51 52 53 54 55 56 57 58 59 60 61 62 63 64 65 66 67 68 69 70 71 72 73 74 75 76 77 78 79 80 81 82 83 84 85 86 87 88 89 90 91 92 93 94 95 96 97 98 99","OSGB"
"333","NBNORG0000049706","Nyctalus noctula","NT","10 20 30 40 41 50 51 60 61 70 71 80 81 82 90 91 92","OSGB"
"334","NBNORG0000049706","Nyctalus noctula","NU","00 01 02 03 10 11 12 13 14 20 21 22 23","OSGB"
"335","NBNORG0000049706","Nyctalus noctula","NW","95 96 97","OSGB"
"336","NBNORG0000049706","Nyctalus noctula","NX","03 04 05 06 07 13 14 15 16 17 23 24 25 26 27 33 34 35 36 37 43 44 45 46 47 48 54 55 56 57 58 64 65 66 67 68 74 75 76 77 78 84 85 86 87 88 89 90 91 92 93 94 95 96 97 98 99","OSGB"
"337","NBNORG0000049706","Nyctalus noctula","NY","00 01 02 03 04 05 06 07 08 09 10 11 12 13 14 15 16 17 18 19 20 21 22 23 24 25 26 27 28 29 30 31 32 33 34 35 36 37 38 39 40 41 42 43 44 45 46 47 48 49 50 51 52 53 54 55 56 57 58 59 60 61 62 63 64 65 66 67 68 69 70 71 72 73 74 75 76 77 78 79 80 81 82 83 84 85 86 87 88 89 90 91 92 93 94 95 96 97 98 99","OSGB"
"338","NBNORG0000049706","Nyctalus noctula","NZ","00 01 02 03 04 05 06 07 08 09 10 11 12 13 14 15 16 17 18 19 20 21 22 23 24 25 26 27 28 29 30 31 32 33 34 35 36 37 38 39 40 41 42 43 44 45 46 50 51 52 53 60 61 62 70 71 72 80 81 90 91","OSGB"
"339","NBNORG0000049706","Nyctalus noctula","OV","00","OSGB"
"340","NBNORG0000049706","Nyctalus noctula","SD","08 09 16 17 18 19 20 21 22 23 24 25 26 27 28 29 30 31 32 33 34 35 36 37 38 39 40 41 42 43 44 45 46 47 48 49 50 51 52 53 54 55 56 57 58 59 60 61 62 63 64 65 66 67 68 69 70 71 72 73 74 75 76 77 78 79 80 81 82 83 84 85 86 87 88 89 90 91 92 93 94 95 96 97 98 99","OSGB"
"341","NBNORG0000049706","Nyctalus noctula","SW","32 33 42 43 44 52 53 54 61 62 63 64 65 71 72 73 74 75 76 81 82 83 84 85 86 87 93 94 95 96 97 98","OSGB"
"342","NBNORG0000049706","Nyctalus noctula","SX","03 04 05 06 07 08 09 14 15 16 17 18 19 25 26 27 28 29 35 36 37 38 39 44 45 46 47 48 49 54 55 56 57 58 59 63 64 65 66 67 68 69 73 74 75 76 77 78 79 83 84 85 86 87 88 89 94 95 96 97 98 99","OSGB"
"343","NBNORG0000049706","Nyctalus noctula","SY","07 08 09 18 19 28 29 38 39 48 49 58 59 66 67 68 69 77 78 79 87 88 89 97 98 99","OSGB"
"344","NBNORG0000049706","Nyctalus noctula","SZ","07 08 09 19 28 29 38 39 47 48 49 57 58 59 68 69 79 89 99","OSGB"
"345","NBNORG0000049706","Nyctalus noctula","TA","00 01 02 03 04 05 06 07 08 09 10 11 12 13 14 15 16 17 18 20 21 22 23 24 25 26 27 30 31 32 33 40 41 42","OSGB"
"346","NBNORG0000049706","Nyctalus noctula","TF","00 01 02 03 04 05 06 07 08 09 10 11 12 13 14 15 16 17 18 19 20 21 22 23 24 25 26 27 28 29 30 31 32 33 34 35 36 37 38 39 40 41 42 43 44 45 46 47 48 49 50 51 52 53 54 55 56 57 58 60 61 62 63 64 65 70 71 72 73 74 80 81 82 83 84 90 91 92 93 94","OSGB"
"347","NBNORG0000049706","Nyctalus noctula","TG","00 01 02 03 04 10 11 12 13 14 20 21 22 23 24 30 31 32 33 40 41 42 50 51","OSGB"
"348","NBNORG0000049706","Nyctalus noctula","TL","00 01 02 03 04 05 06 07 08 09 10 11 12 13 14 15 16 17 18 19 20 21 22 23 24 25 26 27 28 29 30 31 32 33 34 35 36 37 38 39 40 41 42 43 44 45 46 47 48 49 50 51 52 53 54 55 56 57 58 59 60 61 62 63 64 65 66 67 68 69 70 71 72 73 74 75 76 77 78 79 80 81 82 83 84 85 86 87 88 89 90 91 92 93 94 95 96 97 98 99","OSGB"
"349","NBNORG0000049706","Nyctalus noctula","TM","00 01 02 03 04 05 06 07 08 09 10 11 12 13 14 15 16 17 18 19 21 22 23 24 25 26 27 28 29 31 32 33 34 35 36 37 38 39 44 45 46 47 48 49 57 58 59","OSGB"
"350","NBNORG0000049706","Nyctalus noctula","TQ","00 01 02 03 04 05 06 07 08 09 10 11 12 13 14 15 16 17 18 19 20 21 22 23 24 25 26 27 28 29 30 31 32 33 34 35 36 37 38 39 40 41 42 43 44 45 46 47 48 49 50 51 52 53 54 55 56 57 58 59 60 61 62 63 64 65 66 67 68 69 70 71 72 73 74 75 76 77 78 79 80 81 82 83 84 85 86 87 88 89 91 92 93 94 95 96 97 98 99","OSGB"
"351","NBNORG0000049706","Nyctalus noctula","TR","01 02 03 04 05 06 07 08 09 12 13 14 15 16 17 19 23 24 25 26 27 33 34 35 36 37 46 47","OSGB"
"352","NBNORG0000049706","Nyctalus noctula","TV","49 59 69","OSGB"
"353","NBNORG0000060571","Eptesicus serotinus","SS","10 11 20 21 22 30 31 32 40 41 42 43 44 50 51 52 53 54 60 61 62 63 64 70 71 72 73 74 75 80 81 82 83 84 90 91 92 93 94","OSGB"
"354","NBNORG0000060571","Eptesicus serotinus","ST","00 01 02 03 04 10 11 12 13 14 20 21 22 23 24 25 30 31 32 33 34 35 36 37 38 39 40 41 42 43 44 45 46 47 48 49 50 51 52 53 54 55 56 57 58 59 60 61 62 63 64 65 66 67 68 69 70 71 72 73 74 75 76 77 78 79 80 81 82 83 84 85 86 87 88 89 90 91 92 93 94 95 96 97 98","OSGB"
"355","NBNORG0000060571","Eptesicus serotinus","SU","00 01 02 03 04 05 06 07 08 10 11 12 13 14 15 16 17 18 20 21 22 23 24 25 26 27 28 30 31 32 33 34 35 36 37 38 40 41 42 43 44 45 46 47 48 50 51 52 53 54 55 56 57 58 60 61 62 63 64 65 66 67 68 69 70 71 72 73 74 75 76 77 78 79 80 81 82 83 84 85 86 87 88 89 90 91 92 93 94 95 96 97 98 99","OSGB"
"356","NBNORG0000060571","Eptesicus serotinus","SW","98","OSGB"
"357","NBNORG0000060571","Eptesicus serotinus","SX","08 09 19 29 39 49 59 68 69 77 78 79 85 86 87 88 89 95 96 97 98 99","OSGB"
"358","NBNORG0000060571","Eptesicus serotinus","SY","07 08 09 18 19 28 29 38 39 48 49 58 59 66 67 68 69 77 78 79 87 88 89 97 98 99","OSGB"
"359","NBNORG0000060571","Eptesicus serotinus","SZ","07 08 09 19 28 29 38 39 47 48 49 57 58 59 68 69 79 89 99","OSGB"
"360","NBNORG0000060571","Eptesicus serotinus","TG","00 10 20 21 30 31 32 40 41 42 50 51","OSGB"
"361","NBNORG0000060571","Eptesicus serotinus","TL","00 10 11 12 20 21 22 30 31 32 33 40 41 42 43 44 50 51 52 53 54 55 60 61 62 63 64 65 66 67 70 71 72 73 74 75 76 77 78 80 81 82 83 84 85 86 87 88 90 91 92 93 94 95 96 97 98 99","OSGB"
"362","NBNORG0000060571","Eptesicus serotinus","TM","00 01 02 03 04 05 06 07 08 09 10 11 12 13 14 15 16 17 18 19 21 22 23 24 25 26 27 28 29 31 32 33 34 35 36 37 38 39 44 45 46 47 48 49 57 58 59","OSGB"
"363","NBNORG0000060571","Eptesicus serotinus","TQ","00 01 02 03 04 05 06 07 08 09 10 11 12 13 14 15 16 17 18 19 20 21 22 23 24 25 26 27 28 29 30 31 32 33 34 35 36 37 38 39 40 41 42 43 44 45 46 47 48 49 50 51 52 53 54 55 56 57 58 59 60 61 62 63 64 65 66 67 68 69 70 71 72 73 74 75 76 77 78 79 80 81 82 83 84 85 86 87 88 89 91 92 93 94 95 96 97 98 99","OSGB"
"364","NBNORG0000060571","Eptesicus serotinus","TR","01 02 03 04 05 06 07 08 09 12 13 14 15 16 17 19 23 24 25 26 27 33 34 35 36 37 46 47","OSGB"
"365","NBNORG0000060571","Eptesicus serotinus","TV","49 59 69","OSGB"
"366","NBNORG0000060572","Myotis bechsteinii","SO","20 30 31 32 40 41 42 43 50 51 52 53 60 61 62 63 70 71 72 73 80 81 82 90 91","OSGB"
"367","NBNORG0000060572","Myotis bechsteinii","SS","92 93 94","OSGB"
"368","NBNORG0000060572","Myotis bechsteinii","ST","00 01 02 03 04 10 11 12 13 14 20 21 22 23 24 25 28 29 30 31 32 33 34 35 36 38 39 40 41 42 43 44 45 46 47 48 49 50 51 52 53 54 55 56 57 58 59 60 61 62 63 64 65 66 67 68 69 70 71 72 73 74 75 76 77 78 79 80 81 82 83 84 85 86 87 88 89 90 91 92 93 94 95 96 97 98 99","OSGB"
"369","NBNORG0000060572","Myotis bechsteinii","SU","00 01 02 03 04 05 06 07 08 09 10 11 12 13 14 15 16 17 20 21 22 23 24 25 26 30 31 32 33 34 40 41 42 43 50 51 52 53 60 61 62 70 71 80 81 90 91","OSGB"
"370","NBNORG0000060572","Myotis bechsteinii","SY","19 29 39 49 59 79 89 97 98 99","OSGB"
"371","NBNORG0000060572","Myotis bechsteinii","SZ","07 08 09 19 28 29 38 39 47 48 49 57 58 59 68 69 79 89 99","OSGB"
"372","NBNORG0000060572","Myotis bechsteinii","TQ","00 01 10 11 12 13 20 21 22 23 24 30 31 32 40 41 50","OSGB"
"373","NBNORG0000060572","Myotis bechsteinii","TV","49 59 69","OSGB"
"374","NBNORG0000060572","Myotis bechsteinii","SP","00","OSGB"
"375","NBNORG0000060573","Myotis brandtii","NY","60 70 71 72 73 74 75 76 80 81 82 83 84 85 86 90 91 92 93 94 95 96","OSGB"
"376","NBNORG0000060573","Myotis brandtii","NZ","00 01 02 03 04 10 11 12 13 20 21 22 30 31 32 40 41 50 51 60 61 62 70 71 72 80 81 90 91","OSGB"
"377","NBNORG0000060573","Myotis brandtii","SD","20 21 22 23 24 25 30 31 32 33 34 35 40 41 42 43 44 45 46 47 50 51 52 53 54 55 56 57 58 60 61 62 63 64 65 66 67 68 69 70 71 72 73 74 75 76 77 78 79 80 81 82 83 84 85 86 87 88 89 90 91 92 93 94 95 96 97 98 99","OSGB"
"378","NBNORG0000060573","Myotis brandtii","SE","00 01 02 03 04 05 06 07 08 09 10 11 12 13 14 15 16 17 18 19 20 21 22 23 24 25 26 27 28 29 30 31 32 33 34 35 36 37 38 39 40 41 42 43 44 45 46 47 48 49 50 51 52 53 54 55 56 57 58 59 60 61 62 63 64 65 66 67 68 69 70 71 72 73 74 75 76 77 78 79 80 81 82 83 84 85 86 87 88 89 90 91 92 93 94 95 96 97 98 99","OSGB"
"379","NBNORG0000060573","Myotis brandtii","SH","12 13 22 23 24 27 28 29 32 33 34 36 37 38 39 43 44 45 46 47 48 49 50 51 52 53 54 55 56 57 58 59 60 61 62 63 64 65 66 67 68 70 71 72 73 74 75 76 77 78 80 81 82 83 84 85 86 87 88 90 91 92 93 94 95 96 97 98","OSGB"
"380","NBNORG0000060573","Myotis brandtii","OV","00","OSGB"
"381","NBNORG0000060573","Myotis brandtii","SJ","00 01 02 03 04 05 06 07 08 10 11 12 13 14 15 16 17 18 19 20 21 22 23 24 25 26 27 28 29 30 31 32 33 34 35 36 37 38 39 40 41 42 43 44 45 46 47 48 49 50 51 52 53 54 55 56 57 58 59 60 61 62 63 64 65 66 67 68 69 70 71 72 73 74 75 76 77 78 79 80 81 82 83 84 85 86 87 88 89 90 91 92 93 94 95 96 97 98 99","OSGB"
"382","NBNORG0000060573","Myotis brandtii","SK","00 01 02 03 04 05 06 07 08 09 10 11 12 13 14 15 16 17 18 19 20 21 22 23 24 25 26 27 28 29 30 31 32 33 34 35 36 37 38 39 40 41 42 43 44 45 46 47 48 49 50 51 52 53 54 55 56 57 58 59 60 61 62 63 64 65 66 67 68 69 70 71 72 73 74 75 76 77 78 79 80 81 82 83 84 85 86 87 88 89 90 91 92 93 94 95 96 97 98 99","OSGB"
"383","NBNORG0000060573","Myotis brandtii","SM","60 62 70 71 72 73 80 81 82 83 84 90 91 92 93 94","OSGB"
"384","NBNORG0000060573","Myotis brandtii","SN","00 01 02 03 04 10 11 12 13 14 15 20 21 22 23 24 25 30 31 32 33 34 35 36 40 41 42 43 44 45 46 50 51 52 53 54 55 56 57 58 59 60 61 62 63 64 65 66 67 68 69 70 71 72 73 74 75 76 77 78 79 80 81 82 83 84 85 86 87 88 89 90 91 92 93 94 95 96 97 98 99","OSGB"
"385","NBNORG0000060573","Myotis brandtii","SO","00 01 02 03 04 05 06 07 08 09 10 11 12 13 14 15 16 17 18 19 20 21 22 23 24 25 26 27 28 29 30 31 32 33 34 35 36 37 38 39 40 41 42 43 44 45 46 47 48 49 50 51 52 53 54 55 56 57 58 59 60 61 62 63 64 65 66 67 68 69 70 71 72 73 74 75 76 77 78 79 80 81 82 83 84 85 86 87 88 89 90 91 92 93 94 95 96 97 98 99","OSGB"
"386","NBNORG0000060573","Myotis brandtii","SP","00 01 02 03 04 05 06 07 08 09 10 11 12 13 14 15 16 17 18 19 20 21 22 23 24 25 26 27 28 29 30 31 32 33 34 35 36 37 38 39 40 41 42 43 44 45 46 47 48 49 50 51 52 53 54 55 56 57 58 59 60 61 62 63 64 65 66 67 68 69 70 71 72 73 74 75 76 77 78 79 80 81 82 83 84 85 86 87 88 89 90 91 92 93 94 95 96 97 98 99","OSGB"
"387","NBNORG0000060573","Myotis brandtii","SR","89 99","OSGB"
"388","NBNORG0000060573","Myotis brandtii","SS","09 10 11 19 20 21 22 30 31 32 38 39 40 41 42 43 44 48 49 50 51 52 53 54 58 59 60 61 62 63 64 68 69 70 71 72 73 74 75 77 78 79 80 81 82 83 84 87 88 89 90 91 92 93 94 96 97 98 99","OSGB"
"389","NBNORG0000060573","Myotis brandtii","ST","00 01 02 03 04 06 07 08 09 10 11 12 13 14 16 17 18 19 20 21 22 23 24 25 26 27 28 29 30 31 32 33 34 35 36 37 38 39 40 41 42 43 44 45 46 47 48 49 50 51 52 53 54 55 56 57 58 59 60 61 62 63 64 65 66 67 68 69 70 71 72 73 74 75 76 77 78 79 80 81 82 83 84 85 86 87 88 89 90 91 92 93 94 95 96 97 98 99","OSGB"
"390","NBNORG0000060573","Myotis brandtii","SU","00 01 02 03 04 05 06 07 08 09 10 11 12 13 14 15 16 17 18 19 20 21 22 23 24 25 26 27 28 29 30 31 32 33 34 35 36 37 38 39 40 41 42 43 44 45 46 47 48 49 50 51 52 53 54 55 56 57 58 59 60 61 62 63 64 65 66 67 68 69 70 71 72 73 74 75 76 77 78 79 80 81 82 83 84 85 86 87 88 89 90 91 92 93 94 95 96 97 98 99","OSGB"
"391","NBNORG0000060573","Myotis brandtii","SW","32 33 42 43 44 52 53 54 61 62 63 64 65 71 72 73 74 75 76 81 82 83 84 85 86 87 93 94 95 96 97 98","OSGB"
"392","NBNORG0000060573","Myotis brandtii","SX","03 04 05 06 07 08 09 14 15 16 17 18 19 25 26 27 28 29 35 36 37 38 39 44 45 46 47 48 49 54 55 56 57 58 59 63 64 65 66 67 68 69 73 74 75 76 77 78 79 83 84 85 86 87 88 89 94 95 96 97 98 99","OSGB"
"393","NBNORG0000060573","Myotis brandtii","SY","07 08 09 18 19 28 29 38 39 48 49 58 59 66 67 68 69 77 78 79 87 88 89 97 98 99","OSGB"
"394","NBNORG0000060573","Myotis brandtii","SZ","07 08 09 19 29 79 89 99","OSGB"
"395","NBNORG0000060573","Myotis brandtii","TA","02 03 04 05 06 07 08 09 12 13 14 15 16 17 18 22 23 24 25 26 27 32 33 42","OSGB"
"396","NBNORG0000060573","Myotis brandtii","TF","00 01 02 03 04 05 06 07 08 10 11 12 13 14 20 21 30","OSGB"
"397","NBNORG0000060573","Myotis brandtii","TL","00 01 02 03 04 05 06 07 08 09 10 11 12 13 14 15 16 17 18 19 20 21 22 23 24 25 26 27 28 29 30 31 32 33 34 35 36 37 38 39 40 41 42 43 44 45 46 47 48 49 50 51 52 53 54 55 56 57 58 59 60 61 62 63 64 65 66","OSGB"
"398","NBNORG0000060573","Myotis brandtii","TQ","00 01 02 03 04 05 06 07 08 09 10 11 12 13 14 15 16 17 18 19 20 21 22 23 24 25 26 27 28 29 30 31 32 33 34 35 36 37 38 39 40 41 42 43 44 45 46 47 48 49 50 51 52 53 54 55 56 57 58 59 60 61 62 63 64 65 66 67 68 69 70 71 72 73 74 75 76 77 80 81 82 83 84 85 86 87 91 92 93 94 95 96 97","OSGB"
"399","NBNORG0000060573","Myotis brandtii","TR","01 02 03 04 05 06 07 12 13 14 15 16 17 23 24 25 26 27 33 34 35 36 37 46 47","OSGB"
"400","NBNORG0000060573","Myotis brandtii","TV","49 59 69","OSGB"
"401","NBNORG0000060574","Myotis daubentonii","NN","00 01 02 03 04 05 06 07 08 09 10 11 12 13 14 15 16 17 18 19 20 21 22 23 24 25 26 27 28 29 30 31 32 33 34 35 36 37 38 39 40 41 42 43 44 45 46 47 48 49 50 51 52 53 54 55 56 57 58 59 60 61 62 63 64 65 66 67 68 69 70 71 72 73 74 75 76 77 78 79 80 81 82 83 84 85 86 87 88 89 90 91 92 93 94 95 96 97 98 99","OSGB"
"402","NBNORG0000060574","Myotis daubentonii","NO","00 01 02 03 04 05 06 07 08 09 10 11 12 13 14 15 16 17 18 19 20 21 22 23 24 25 26 27 28 29 30 31 32 33 34 35 36 37 38 39 40 41 42 43 44 45 46 47 48 49 50 51 52 53 54 55 56 57 58 59 60 61 63 64 65 66 67 68 69 74 75 76 77 78 79 86 87 88 89 99","OSGB"
"403","NBNORG0000060574","Myotis daubentonii","NR","50 51 60 61 62 63 64 67 68 70 71 72 73 74 75 76 77 78 79 83 84 85 86 87 88 89 94 95 96 97 98 99","OSGB"
"404","NBNORG0000060574","Myotis daubentonii","NS","05 06 07 08 09 10 15 16 17 18 19 20 21 22 23 24 25 26 27 28 29 30 31 32 33 34 35 36 37 38 39 40 41 42 43 44 45 46 47 48 49 50 51 52 53 54 55 56 57 58 59 60 61 62 63 64 65 66 67 68 69 70 71 72 73 74 75 76 77 78 79 80 81 82 83 84 85 86 87 88 89 90 91 92 93 94 95 96 97 98 99","OSGB"
"405","NBNORG0000060574","Myotis daubentonii","NT","00 01 02 03 04 05 06 07 08 09 10 11 12 13 14 15 16 17 18 19 20 21 22 23 24 25 26 27 28 29 30 31 32 33 34 35 36 37 38 39 40 41 42 43 44 45 46 47 48 49 50 51 52 53 54 55 56 57 58 59 60 61 62 63 64 65 66 67 68 69 70 71 72 73 74 75 76 77 80 81 82 83 84 85 86 87 90 91 92 93 94 95 96","OSGB"
"406","NBNORG0000060574","Myotis daubentonii","NU","00 01 02 03 04 05 10 11 12 13 14 20 21 22 23","OSGB"
"407","NBNORG0000060574","Myotis daubentonii","M","00 01 02 03 04 05 06 07 08 09 10 11 12 13 14 15 16 17 18 19 20 21 22 23 24 25 26 27 28 29 30 31 32 33 34 35 36 37 38 39 40 41 42 43 44 45 46 47 48 49 50 51 52 53 54 55 56 57 58 59 60 61 62 63 64 65 66 67 68 69 70 71 72 73 74 75 76 77 78 79 80 81 82 83 84 85 86 87 88 89 90 91 92 93 94 95 96 97 98 99","OSNI"
"408","NBNORG0000060574","Myotis daubentonii","N","00 01 02 03 04 05 06 07 08 09 10 11 12 13 14 15 16 17 18 19 20 21 22 23 24 25 26 27 28 29 30 31 32 33 34 35 36 37 38 39 40 41 42 43 44 45 46 47 48 49 50 51 52 53 54 55 56 57 58 59 60 61 62 63 64 65 66 67 68 69 70 71 72 73 74 75 76 77 78 79 80 81 82 83 84 85 86 87 88 89 90 91 92 93 94 95 96 97 98 99","OSNI"
"409","NBNORG0000060574","Myotis daubentonii","NG","60 70 80 81 82 90 91 92","OSGB"
"410","NBNORG0000060574","Myotis daubentonii","NH","00 01 02 10 11 12 13 14 20 21 22 23 24 25 30 31 32 33 34 35 36 40 41 42 43 44 45 46 50 51 52 53 54 55 56 57 60 61 62 63 64 65 66 67 70 71 72 73 74 75 76 77 78 80 81 82 83 84 85 87 88 90 91 92 93 94 95 96 98","OSGB"
"411","NBNORG0000060574","Myotis daubentonii","NJ","00 01 02 03 04 05 06 10 11 12 13 14 15 16 17 20 21 22 23 24 25 26 27 30 31 32 33 34 35 36 40 41 42 43 44 45 46 50 51 52 53 54 55 56 60 61 62 63 64 65 66 70 71 72 73 74 75 76 80 81 82 83 84 85 86 90 91 92 93 94 95 96","OSGB"
"412","NBNORG0000060574","Myotis daubentonii","NK","02 03 04 05 06 13 14 15","OSGB"
"413","NBNORG0000060574","Myotis daubentonii","NM","46 55 56 64 65 66 67 68 69 70 71 74 75 76 77 78 79 80 81 82 83 84 85 86 87 88 89 90 91 92 93 94 95 96 97 98 99","OSGB"
"414","NBNORG0000060574","Myotis daubentonii","SS","09 10 11 19 20 21 22 30 31 32 38 39 40 41 42 43 44 48 49 50 51 52 53 54 58 59 60 61 62 63 64 68 69 70 71 72 73 74 75 77 78 79 80 81 82 83 84 87 88 89 90 91 92 93 94 96 97 98 99","OSGB"
"415","NBNORG0000060574","Myotis daubentonii","ST","00 01 02 03 04 06 07 08 09 10 11 12 13 14 16 17 18 19 20 21 22 23 24 25 26 27 28 29 30 31 32 33 34 35 36 37 38 39 40 41 42 43 44 45 46 47 48 49 50 51 52 53 54 55 56 57 58 59 60 61 62 63 64 65 66 67 68 69 70 71 72 73 74 75 76 77 78 79 80 81 82 83 84 85 86 87 88 89 90 91 92 93 94 95 96 97 98 99","OSGB"
"416","NBNORG0000060574","Myotis daubentonii","SU","00 01 02 03 04 05 06 07 08 09 10 11 12 13 14 15 16 17 18 19 20 21 22 23 24 25 26 27 28 29 30 31 32 33 34 35 36 37 38 39 40 41 42 43 44 45 46 47 48 49 50 51 52 53 54 55 56 57 58 59 60 61 62 63 64 65 66 67 68 69 70 71 72 73 74 75 76 77 78 79 80 81 82 83 84 85 86 87 88 89 90 91 92 93 94 95 96 97 98 99","OSGB"
"417","NBNORG0000060574","Myotis daubentonii","SW","32 33 42 43 44 52 53 54 61 62 63 64 65 71 72 73 74 75 76 81 82 83 84 85 86 87 93 94 95 96 97 98","OSGB"
"418","NBNORG0000060574","Myotis daubentonii","SX","03 04 05 06 07 08 09 14 15 16 17 18 19 25 26 27 28 29 35 36 37 38 39 44 45 46 47 48 49 54 55 56 57 58 59 63 64 65 66 67 68 69 73 74 75 76 77 78 79 83 84 85 86 87 88 89 94 95 96 97 98 99","OSGB"
"419","NBNORG0000060574","Myotis daubentonii","SY","07 08 09 18 19 28 29 38 39 48 49 58 59 66 67 68 69 77 78 79 87 88 89 97 98 99","OSGB"
"420","NBNORG0000060574","Myotis daubentonii","SZ","07 08 09 19 28 29 38 39 47 48 49 57 58 59 68 69 79 89 99","OSGB"
"421","NBNORG0000060574","Myotis daubentonii","T","00 01 02 03 04 05 06 07 08 09 10 11 12 13 14 15 16 17 18 19 20 21 22 23 24 25 26 27 28 29 36 37 38 39 48 49","OSNI"
"422","NBNORG0000060574","Myotis daubentonii","TA","00 01 02 03 04 05 06 07 08 09 10 11 12 13 14 15 16 17 18 20 21 22 23 24 25 26 27 30 31 32 33 40 41 42","OSGB"
"423","NBNORG0000060574","Myotis daubentonii","TF","00 01 02 03 04 05 06 07 08 09 10 11 12 13 14 15 16 17 18 19 20 21 22 23 24 25 26 27 28 29 30 31 32 33 34 35 36 37 38 39 40 41 42 43 44 45 46 47 48 49 50 51 52 53 54 55 56 57 58 60 61 62 63 64 65 70 71 72 73 74 80 81 82 83 84 90 91 92 93 94","OSGB"
"424","NBNORG0000060574","Myotis daubentonii","TG","00 01 02 03 04 10 11 12 13 14 20 21 22 23 24 30 31 32 33 40 41 42 50 51","OSGB"
"425","NBNORG0000060574","Myotis daubentonii","TL","00 01 02 03 04 05 06 07 08 09 10 11 12 13 14 15 16 17 18 19 20 21 22 23 24 25 26 27 28 29 30 31 32 33 34 35 36 37 38 39 40 41 42 43 44 45 46 47 48 49 50 51 52 53 54 55 56 57 58 59 60 61 62 63 64 65 66 67 68 69 70 71 72 73 74 75 76 77 78 79 80 81 82 83 84 85 86 87 88 89 90 91 92 93 94 95 96 97 98 99","OSGB"
"426","NBNORG0000060574","Myotis daubentonii","TM","00 01 02 03 04 05 06 07 08 09 10 11 12 13 14 15 16 17 18 19 21 22 23 24 25 26 27 28 29 31 32 33 34 35 36 37 38 39 44 45 46 47 48 49 57 58 59","OSGB"
"427","NBNORG0000060574","Myotis daubentonii","TQ","00 01 02 03 04 05 06 07 08 09 10 11 12 13 14 15 16 17 18 19 20 21 22 23 24 25 26 27 28 29 30 31 32 33 34 35 36 37 38 39 40 41 42 43 44 45 46 47 48 49 50 51 52 53 54 55 56 57 58 59 60 61 62 63 64 65 66 67 68 69 70 71 72 73 74 75 76 77 78 79 80 81 82 83 84 85 86 87 88 89 91 92 93 94 95 96 97 98 99","OSGB"
"428","NBNORG0000060574","Myotis daubentonii","TR","01 02 03 04 05 06 07 08 09 12 13 14 15 16 17 19 23 24 25 26 27 33 34 35 36 37 46 47","OSGB"
"429","NBNORG0000060574","Myotis daubentonii","TV","49 59 69","OSGB"
"430","NBNORG0000060574","Myotis daubentonii","V","38 39 45 46 47 48 49 53 54 55 56 57 58 59 63 64 65 66 67 68 69 72 73 74 75 76 77 78 79 81 82 83 84 85 86 87 88 89 91 92 93 94 95 96 97 98 99","OSNI"
"431","NBNORG0000060574","Myotis daubentonii","W","01 02 03 04 05 06 07 08 09 11 12 13 14 15 16 17 18 19 22 23 24 25 26 27 28 29 32 33 34 35 36 37 38 39 42 43 44 45 46 47 48 49 53 54 55 56 57 58 59 63 64 65 66 67 68 69 74 75 76 77 78 79 84 85 86 87 88 89 95 96 97 98 99","OSNI"
"432","NBNORG0000060574","Myotis daubentonii","X","05 06 07 08 09 16 17 18 19 27 28 29 37 38 39 48 49 59 69 79 89","OSNI"
"433","NBNORG0000060574","Myotis daubentonii","Y","09 19","OSNI"
"434","NBNORG0000060574","Myotis daubentonii","NW","95 96 97","OSGB"
"435","NBNORG0000060574","Myotis daubentonii","NX","03 04 05 06 07 08 09 13 14 15 16 17 18 19 23 24 25 26 27 28 29 30 33 34 35 36 37 38 39 40 43 44 45 46 47 48 49 54 55 56 57 58 59 64 65 66 67 68 69 74 75 76 77 78 79 84 85 86 87 88 89 90 91 92 93 94 95 96 97 98 99","OSGB"
"436","NBNORG0000060574","Myotis daubentonii","NY","00 01 02 03 04 05 06 07 08 09 10 11 12 13 14 15 16 17 18 19 20 21 22 23 24 25 26 27 28 29 30 31 32 33 34 35 36 37 38 39 40 41 42 43 44 45 46 47 48 49 50 51 52 53 54 55 56 57 58 59 60 61 62 63 64 65 66 67 68 69 70 71 72 73 74 75 76 77 78 79 80 81 82 83 84 85 86 87 88 89 90 91 92 93 94 95 96 97 98 99","OSGB"
"437","NBNORG0000060574","Myotis daubentonii","NZ","00 01 02 03 04 05 06 07 08 09 10 11 12 13 14 15 16 17 18 19 20 21 22 23 24 25 26 27 28 29 30 31 32 33 34 35 36 37 38 39 40 41 42 43 44 45 46 50 51 52 53 60 61 62 70 71 72 80 81 90 91","OSGB"
"438","NBNORG0000060574","Myotis daubentonii","O","00 01 02 03 04 05 06 07 08 09 10 11 12 13 14 15 16 17 18 19 20 21 22 23 24 25 26 27 28 30 31 32 33 34 35 36","OSNI"
"439","NBNORG0000060574","Myotis daubentonii","OV","00","OSGB"
"440","NBNORG0000060574","Myotis daubentonii","Q","30 40 41 50 51 60 61 70 71 72 73 74 80 81 82 83 84 85 90 91 92 93 94 95 96","OSNI"
"441","NBNORG0000060574","Myotis daubentonii","R","00 01 02 03 04 05 06 07 08 09 10 11 12 13 14 15 16 17 18 19 20 21 22 23 24 25 26 27 28 29 30 31 32 33 34 35 36 37 38 39 40 41 42 43 44 45 46 47 48 49 50 51 52 53 54 55 56 57 58 59 60 61 62 63 64 65 66 67 68 69 70 71 72 73 74 75 76 77 78 79 80 81 82 83 84 85 86 87 88 89 90 91 92 93 94 95 96 97 98 99","OSNI"
"442","NBNORG0000060574","Myotis daubentonii","S","00 01 02 03 04 05 06 07 08 09 10 11 12 13 14 15 16 17 18 19 20 21 22 23 24 25 26 27 28 29 30 31 32 33 34 35 36 37 38 39 40 41 42 43 44 45 46 47 48 49 50 51 52 53 54 55 56 57 58 59 60 61 62 63 64 65 66 67 68 69 70 71 72 73 74 75 76 77 78 79 80 81 82 83 84 85 86 87 88 89 90 91 92 93 94 95 96 97 98 99","OSNI"
"443","NBNORG0000060574","Myotis daubentonii","SC","16 17 26 27 28 29 36 37 38 39 48 49","OSGB"
"444","NBNORG0000060574","Myotis daubentonii","SD","08 09 16 17 18 19 20 21 22 23 24 25 26 27 28 29 30 31 32 33 34 35 36 37 38 39 40 41 42 43 44 45 46 47 48 49 50 51 52 53 54 55 56 57 58 59 60 61 62 63 64 65 66 67 68 69 70 71 72 73 74 75 76 77 78 79 80 81 82 83 84 85 86 87 88 89 90 91 92 93 94 95 96 97 98 99","OSGB"
"445","NBNORG0000060574","Myotis daubentonii","SE","00 01 02 03 04 05 06 07 08 09 10 11 12 13 14 15 16 17 18 19 20 21 22 23 24 25 26 27 28 29 30 31 32 33 34 35 36 37 38 39 40 41 42 43 44 45 46 47 48 49 50 51 52 53 54 55 56 57 58 59 60 61 62 63 64 65 66 67 68 69 70 71 72 73 74 75 76 77 78 79 80 81 82 83 84 85 86 87 88 89 90 91 92 93 94 95 96 97 98 99","OSGB"
"446","NBNORG0000060574","Myotis daubentonii","SH","12 13 22 23 24 27 28 29 32 33 34 36 37 38 39 43 44 45 46 47 48 49 50 51 52 53 54 55 56 57 58 59 60 61 62 63 64 65 66 67 68 70 71 72 73 74 75 76 77 78 80 81 82 83 84 85 86 87 88 90 91 92 93 94 95 96 97 98","OSGB"
"447","NBNORG0000060574","Myotis daubentonii","SJ","00 01 02 03 04 05 06 07 08 10 11 12 13 14 15 16 17 18 19 20 21 22 23 24 25 26 27 28 29 30 31 32 33 34 35 36 37 38 39 40 41 42 43 44 45 46 47 48 49 50 51 52 53 54 55 56 57 58 59 60 61 62 63 64 65 66 67 68 69 70 71 72 73 74 75 76 77 78 79 80 81 82 83 84 85 86 87 88 89 90 91 92 93 94 95 96 97 98 99","OSGB"
"448","NBNORG0000060574","Myotis daubentonii","SK","00 01 02 03 04 05 06 07 08 09 10 11 12 13 14 15 16 17 18 19 20 21 22 23 24 25 26 27 28 29 30 31 32 33 34 35 36 37 38 39 40 41 42 43 44 45 46 47 48 49 50 51 52 53 54 55 56 57 58 59 60 61 62 63 64 65 66 67 68 69 70 71 72 73 74 75 76 77 78 79 80 81 82 83 84 85 86 87 88 89 90 91 92 93 94 95 96 97 98 99","OSGB"
"449","NBNORG0000060574","Myotis daubentonii","SM","62 70 71 72 73 80 81 82 83 84 90 91 92 93 94","OSGB"
"450","NBNORG0000060574","Myotis daubentonii","SN","00 01 02 03 04 10 11 12 13 14 15 20 21 22 23 24 25 30 31 32 33 34 35 36 40 41 42 43 44 45 46 50 51 52 53 54 55 56 57 58 59 60 61 62 63 64 65 66 67 68 69 70 71 72 73 74 75 76 77 78 79 80 81 82 83 84 85 86 87 88 89 90 91 92 93 94 95 96 97 98 99","OSGB"
"451","NBNORG0000060574","Myotis daubentonii","SO","00 01 02 03 04 05 06 07 08 09 10 11 12 13 14 15 16 17 18 19 20 21 22 23 24 25 26 27 28 29 30 31 32 33 34 35 36 37 38 39 40 41 42 43 44 45 46 47 48 49 50 51 52 53 54 55 56 57 58 59 60 61 62 63 64 65 66 67 68 69 70 71 72 73 74 75 76 77 78 79 80 81 82 83 84 85 86 87 88 89 90 91 92 93 94 95 96 97 98 99","OSGB"
"452","NBNORG0000060574","Myotis daubentonii","SP","00 01 02 03 04 05 06 07 08 09 10 11 12 13 14 15 16 17 18 19 20 21 22 23 24 25 26 27 28 29 30 31 32 33 34 35 36 37 38 39 40 41 42 43 44 45 46 47 48 49 50 51 52 53 54 55 56 57 58 59 60 61 62 63 64 65 66 67 68 69 70 71 72 73 74 75 76 77 78 79 80 81 82 83 84 85 86 87 88 89 90 91 92 93 94 95 96 97 98 99","OSGB"
"453","NBNORG0000060574","Myotis daubentonii","SR","89 99","OSGB"
"454","NBNORG0000060574","Myotis daubentonii","B","60 61 70 71 72 80 81 82 90 91 92","OSNI"
"455","NBNORG0000060574","Myotis daubentonii","C","00 01 02 03 10 11 12 13 14 20 21 22 23 24 30 31 32 33 34 35 40 41 42 43 44 45 50 51 52 53 54 55 60 61 62 63 64 70 71 72 73 74 80 81 82 83 90 91 92 93 94","OSNI"
"456","NBNORG0000060574","Myotis daubentonii","D","00 01 02 03 04 10 11 12 13 14 20 21 22 23 24 30 31 32 40","OSNI"
"457","NBNORG0000060574","Myotis daubentonii","F","50 60 61 62 63 70 71 72 73 80 81 82 83 84 90 91 92 93 94","OSNI"
"458","NBNORG0000060574","Myotis daubentonii","G","00 01 02 03 04 10 11 12 13 14 20 21 22 23 30 31 32 33 40 41 42 43 50 51 52 53 54 57 58 59 60 61 62 63 64 65 66 67 68 69 70 71 72 73 74 75 76 77 78 79 80 81 82 83 84 85 86 87 88 89 90 91 92 93 94 95 96 97 98 99","OSNI"
"459","NBNORG0000060574","Myotis daubentonii","H","00 01 02 03 04 05 06 07 08 09 10 11 12 13 14 15 16 17 18 19 20 21 22 23 24 25 26 27 28 29 30 31 32 33 34 35 36 37 38 39 40 41 42 43 44 45 46 47 48 49 50 51 52 53 54 55 56 57 58 59 60 61 62 63 64 65 66 67 68 69 70 71 72 73 74 75 76 77 78 79 80 81 82 83 84 85 86 87 88 89 90 91 92 93 94 95 96 97 98 99","OSNI"
"460","NBNORG0000060574","Myotis daubentonii","J","00 01 02 03 04 05 06 07 08 09 10 11 12 13 14 15 16 17 18 19 20 21 22 23 24 25 26 27 28 29 30 31 32 33 34 35 36 37 38 39 41 42 43 44 45 46 47 48 49 53 54 55 56 57 58 59 63 64 65 66 67 68","OSNI"
"461","NBNORG0000060574","Myotis daubentonii","L","54 55 56 63 64 65 66 67 68 69 72 73 74 75 76 77 78 79 81 82 83 84 85 86 87 88 89 91 92 93 94 95 96 97 98 99","OSNI"
