"organism_key","taxon","code"
"NBNORG0000006885","Podiceps cristatus","mature",1
"NBNORG0000006886","Tachybaptus ruficollis","mature",1
"NBNORG0000006887","Fulmarus glacialis","mature",1
"NBNORG0000006888","Phalacrocorax carbo","mature",2
"NBNORG0000006889","Gulosus aristotelis","mature",2
"NBNORG0000006890","Ardea cinerea","mature",1
"NBNORG0000006891","Anas platyrhynchos","mature",1
"NBNORG0000006892","Tadorna tadorna","mature",1
"NBNORG0000006893","Branta canadensis","mature",1
"NBNORG0000006894","Cygnus olor","mature",1
"NBNORG0000006895","Fratercula arctica","mature",2
"NBNORG0000006896","Puffinus puffinus","mature",2
"NBNORG0000006897","Gallinula chloropus","mature",1
"NBNORG0000006898","Fulica atra","mature",1
"NBNORG0000006899","Haematopus ostralegus","mature",1
"NBNORG0000006900","Vanellus vanellus","mature",1
"NBNORG0000006901","Charadrius hiaticula","mature",2
"NBNORG0000006903","Gallinago gallinago","mature",2
"NBNORG0000006904","Scolopax rusticola","mature",1
"NBNORG0000006905","Numenius arquata","mature",2
"NBNORG0000006906","Actitis hypoleucos","mature",2
"NBNORG0000006907","Tringa totanus","mature",2
"NBNORG0000006908","Calidris alpina","mature",2
"NBNORG0000006909","Larus marinus","mature",2
"NBNORG0000006910","Larus fuscus","mature",2
"NBNORG0000006911","Larus argentatus","mature",2
"NBNORG0000006912","Rissa tridactyla","mature",1
"NBNORG0000006913","Alca torda","mature",3
"NBNORG0000006914","Uria aalge","mature",3
"NBNORG0000006916","Mergus merganser","mature",2
"NBNORG0000006917","Anas crecca","mature",1
"NBNORG0000006918","Spatula querquedula","mature",2
"NBNORG0000006919","Aythya ferina","mature",1
"NBNORG0000006920","Sterna hirundo","mature",3
"NBNORG0000006921","Aythya fuligula","mature",1
"NBNORG0000006922","Pluvialis squatarola","mature",2
"NBNORG0000006923","Arenaria interpres","mature",1
"NBNORG0000006924","Lymnocryptes minimus","mature",2
"NBNORG0000006925","Numenius phaeopus","mature",2
"NBNORG0000006926","Limosa limosa","mature",2
"NBNORG0000006927","Limosa lapponica","mature",2
"NBNORG0000006928","Tringa ochropus","mature",2
"NBNORG0000006929","Tringa glareola","mature",3
"NBNORG0000006930","Tringa erythropus","mature",2
"NBNORG0000006931","Tringa nebularia","mature",2
"NBNORG0000006932","Calidris canutus","mature",2
"NBNORG0000006933","Calidris alba","mature",2
"NBNORG0000006934","Calidris pugnax","mature",2
"NBNORG0000006935","Recurvirostra avosetta","mature",1
"NBNORG0000006936","Calidris bairdii","mature",4
"NBNORG0000006937","Calidris subruficollis","mature",2
"NBNORG0000006938","Charadrius alexandrinus","mature",3
"NBNORG0000006939","Limnodromus scolopaceus","mature",3
"NBNORG0000006940","Charadrius dubius","mature",2
"NBNORG0000006941","Calidris minuta","mature",3
"NBNORG0000006942","Tringa flavipes","mature",4
"NBNORG0000006943","Phalaropus fulicarius","mature",2
"NBNORG0000006944","Calidris melanotos","mature",3
"NBNORG0000006945","Calidris maritima","mature",2
"NBNORG0000006946","Phalaropus tricolor","mature",2
"NBNORG0000006947","Phalaropus lobatus","mature",2
"NBNORG0000006948","Calidris temminckii","mature",3
"NBNORG0000006949","Charadrius leschenaultii","mature",4
"NBNORG0000006950","Charadrius morinellus","mature",2
"NBNORG0000006952","Tringa solitaria","mature",4
"NBNORG0000006953","Tringa melanoleuca","mature",4
"NBNORG0000006954","Calidris falcinellus","mature",3
"NBNORG0000006955","Gallinago media","mature",4
"NBNORG0000006956","Tringa stagnatilis","mature",4
"NBNORG0000006957","Mareca penelope","mature",1
"NBNORG0000006958","Anas acuta","mature",1
"NBNORG0000006959","Bucephala clangula","mature",2
"NBNORG0000006960","Mareca strepera","mature",1
"NBNORG0000006961","Aythya marila","mature",2
"NBNORG0000006962","Clangula hyemalis","mature",2
"NBNORG0000006963","Melanitta fusca","mature",2
"NBNORG0000006964","Melanitta nigra","mature",2
"NBNORG0000006965","Somateria mollissima","mature",1
"NBNORG0000006966","Mergus serrator","mature",2
"NBNORG0000006967","Cygnus cygnus","mature",3
"NBNORG0000006968","Cygnus columbianus","mature",3
"NBNORG0000006969","Anser anser","mature",1
"NBNORG0000006970","Anser fabalis/serrirostris","mature",3
"NBNORG0000006971","Branta leucopsis","mature",1
"NBNORG0000006972","Gavia stellata","mature",2
"NBNORG0000006973","Gavia arctica","mature",3
"NBNORG0000006975","Podilymbus podiceps","mature",3
"NBNORG0000006976","Podiceps grisegena","mature",2
"NBNORG0000006977","Podiceps auritus","mature",2
"NBNORG0000006978","Podiceps nigricollis","mature",2
"NBNORG0000006979","Calonectris diomedea","mature",3
"NBNORG0000006980","Ardenna gravis","mature",3
"NBNORG0000006981","Ardenna grisea","mature",2
"NBNORG0000006983","Oceanites oceanicus","mature",4
"NBNORG0000006984","Hydrobates pelagicus","mature",3
"NBNORG0000006985","Plegadis falcinellus","mature",1
"NBNORG0000006986","Platalea leucorodia","mature",1
"NBNORG0000006987","Phoenicopterus ruber","mature",2
"NBNORG0000006988","Anser erythropus","mature",2
"NBNORG0000006990","Branta bernicla","mature",1
"NBNORG0000006991","Branta ruficollis","mature",1
"NBNORG0000006992","Mareca americana","mature",3
"NBNORG0000006993","Anas rubripes","mature",2
"NBNORG0000006994","Netta rufina","mature",2
"NBNORG0000006995","Aythya nyroca","mature",3
"NBNORG0000006996","Somateria spectabilis","mature",3
"NBNORG0000006997","Polysticta stelleri","mature",2
"NBNORG0000006998","Histrionicus histrionicus","mature",2
"NBNORG0000006999","Melanitta perspicillata","mature",3
"NBNORG0000007000","Bucephala albeola","mature",2
"NBNORG0000007001","Bucephala islandica","mature",4
"NBNORG0000007002","Haliaeetus albicilla","mature",1
"NBNORG0000007003","Pandion haliaetus","mature",2
"NBNORG0000007004","Glareola pratincola","mature",4
"NBNORG0000007005","Charadrius vociferus","mature",2
"NBNORG0000007006","Calidris pusilla","mature",4
"NBNORG0000007007","Calidris mauri","mature",4
"NBNORG0000007008","Calidris minutilla","mature",4
"NBNORG0000007009","Calidris acuminata","mature",4
"NBNORG0000007010","Limnodromus griseus","mature",4
"NBNORG0000007011","Numenius minutus","mature",4
"NBNORG0000007012","Numenius borealis","mature",1
"NBNORG0000007013","Bartramia longicauda","mature",2
"NBNORG0000007014","Stercorarius pomarinus","mature",3
"NBNORG0000007015","Stercorarius parasiticus","mature",3
"NBNORG0000007016","Stercorarius longicaudus","mature",3
"NBNORG0000007018","Ichthyaetus melanocephalus","mature",2
"NBNORG0000007019","Leucophaeus atricilla","mature",3
"NBNORG0000007020","Leucophaeus pipixcan","mature",3
"NBNORG0000007021","Larus delawarensis","mature",3
"NBNORG0000007022","Larus canus","mature",2
"NBNORG0000007023","Larus glaucoides","mature",2
"NBNORG0000007024","Larus hyperboreus","mature",2
"NBNORG0000007025","Rhodostethia rosea","mature",2
"NBNORG0000007026","Pagophila eburnea","mature",1
"NBNORG0000007027","Gelochelidon nilotica","mature",3
"NBNORG0000007028","Thalasseus albididorsalis/maximus","mature",3
"NBNORG0000007029","Thalasseus bengalensis","mature",3
"NBNORG0000007031","Sterna dougallii","mature",2
"NBNORG0000007032","Sterna paradisaea","mature",3
"NBNORG0000007033","Sterna forsteri","mature",4
"NBNORG0000007034","Chlidonias niger","mature",2
"NBNORG0000007035","Chlidonias leucopterus","mature",3
"NBNORG0000007036","Uria lomvia","mature",4
"NBNORG0000007037","Cepphus grylle","mature",2
"NBNORG0000007038","Alle alle","mature",2
"NBNORG0000007039","Passerina cyanea","mature",2
"NBNORG0000007042","Motacilla flava flava","mature",3
"NBNORG0000007043","Motacilla flava flavissima","mature",3
"NBNORG0000007045","Motacilla alba alba","mature",3
"NBNORG0000007046","Motacilla alba yarrellii","mature",2
"NBNORG0000024926","Acanthis flammea flammea","mature",4
"NBNORG0000027160","Alcidae","mature",1
"NBNORG0000027667","Laridae","mature",1
"NBNORG0000027932","Podicipedidae","mature",1
"NBNORG0000028379","Stercorariidae","mature",1
"NBNORG0000040556","Puffinus","mature",1
"NBNORG0000040560","Morus bassanus","mature",2
"NBNORG0000040570","Cygnus","mature",1
"NBNORG0000040587","Charadrius semipalmatus","mature",4
"NBNORG0000040589","Pluvialis fulva","mature",4
"NBNORG0000040595","Calidris ferruginea","mature",3
"NBNORG0000040596","Calidris ruficollis","mature",4
"NBNORG0000040683","Sterna paradisaea/hirundo","mature",1
"NBNORG0000060581","Accipiter gentilis","mature",3
"NBNORG0000060582","Accipiter nisus","mature",1
"NBNORG0000060584","Arundinax aedon","mature",3
"NBNORG0000060585","Acrocephalus agricola","mature",4
"NBNORG0000060586","Acrocephalus arundinaceus","mature",2
"NBNORG0000060587","Acrocephalus dumetorum","mature",4
"NBNORG0000060588","Acrocephalus melanopogon","mature",3
"NBNORG0000060589","Acrocephalus paludicola","mature",3
"NBNORG0000060590","Acrocephalus palustris","mature",4
"NBNORG0000060591","Acrocephalus schoenobaenus","mature",2
"NBNORG0000060592","Acrocephalus scirpaceus","mature",2
"NBNORG0000060593","Actitis macularius","mature",4
"NBNORG0000060595","Aegithalos caudatus","mature",1
"NBNORG0000060597","Aegolius funereus","mature",2
"NBNORG0000060599","Aix galericulata","mature",2
"NBNORG0000060601","Alauda arvensis","mature",2
"NBNORG0000060603","Alcedo atthis","mature",1
"NBNORG0000060605","Alectoris rufa","mature",1
"NBNORG0000060607","Anas carolinensis","mature",2
"NBNORG0000060608","Spatula clypeata","mature",1
"NBNORG0000060609","Spatula discors","mature",3
"NBNORG0000060610","Anser albifrons","mature",2
"NBNORG0000060611","Anser brachyrhynchus","mature",2
"NBNORG0000060613","Anthus campestris","mature",3
"NBNORG0000060614","Anthus cervinus","mature",3
"NBNORG0000060615","Anthus godlewskii","mature",4
"NBNORG0000060616","Anthus gustavi","mature",4
"NBNORG0000060617","Anthus hodgsoni","mature",3
"NBNORG0000060618","Anthus petrosus","mature",2
"NBNORG0000060619","Anthus pratensis","mature",2
"NBNORG0000060620","Anthus rubescens","mature",4
"NBNORG0000060621","Anthus spinoletta","mature",3
"NBNORG0000060622","Anthus trivialis","mature",2
"NBNORG0000060624","Apus affinis","mature",2
"NBNORG0000060625","Apus apus","mature",1
"NBNORG0000060626","Tachymarptis melba","mature",2
"NBNORG0000060627","Apus pacificus","mature",3
"NBNORG0000060628","Apus pallidus","mature",4
"NBNORG0000060630","Aquila chrysaetos","mature",2
"NBNORG0000060631","Clanga clanga","mature",4
"NBNORG0000060632","Ardea alba","mature",2
"NBNORG0000060633","Ardea purpurea","mature",2
"NBNORG0000060635","Ardeola ralloides","mature",3
"NBNORG0000060638","Asio flammeus","mature",2
"NBNORG0000060639","Asio otus","mature",2
"NBNORG0000060641","Athene noctua","mature",1
"NBNORG0000060642","Aythya affinis","mature",4
"NBNORG0000060643","Aythya americana","mature",3
"NBNORG0000060644","Aythya collaris","mature",3
"NBNORG0000060645","Aythya valisineria","mature",3
"NBNORG0000060647","Bombycilla cedrorum","mature",4
"NBNORG0000060648","Bombycilla garrulus","mature",1
"NBNORG0000060650","Botaurus lentiginosus","mature",3
"NBNORG0000060651","Botaurus stellaris","mature",1
"NBNORG0000060653","Bubo scandiacus","mature",2
"NBNORG0000060655","Bubulcus ibis","mature",2
"NBNORG0000060657","Bucanetes githagineus","mature",2
"NBNORG0000060659","Bulweria bulwerii","mature",4
"NBNORG0000060661","Burhinus oedicnemus","mature",1
"NBNORG0000060663","Buteo buteo","mature",1
"NBNORG0000060664","Buteo lagopus","mature",2
"NBNORG0000060666","Butorides virescens","mature",2
"NBNORG0000060668","Calandrella brachydactyla","mature",3
"NBNORG0000060669","Alaudala rufescens","mature",4
"NBNORG0000060671","Calcarius lapponicus","mature",3
"NBNORG0000060673","Calidris fuscicollis","mature",4
"NBNORG0000060674","Calidris himantopus","mature",3
"NBNORG0000060675","Calidris subminuta","mature",4
"NBNORG0000060676","Calidris tenuirostris","mature",4
"NBNORG0000060679","Caprimulgus aegyptius","mature",4
"NBNORG0000060680","Caprimulgus europaeus","mature",1
"NBNORG0000060681","Caprimulgus ruficollis","mature",4
"NBNORG0000060683","Acanthis cabaret","mature",2
"NBNORG0000060684","Linaria cannabina","mature",2
"NBNORG0000060685","Carduelis carduelis","mature",1
"NBNORG0000060687","Acanthis flammea","mature",3
"NBNORG0000060688","Linaria flavirostris","mature",3
"NBNORG0000060689","Acanthis hornemanni","mature",4
"NBNORG0000060690","Spinus spinus","mature",2
"NBNORG0000060692","Carpodacus erythrinus","mature",3
"NBNORG0000060695","Catharus fuscescens","mature",3
"NBNORG0000060696","Catharus guttatus","mature",3
"NBNORG0000060697","Catharus minimus","mature",4
"NBNORG0000060698","Catharus ustulatus","mature",4
"NBNORG0000060700","Cercotrichas galactotes","mature",2
"NBNORG0000060702","Certhia brachydactyla","mature",4
"NBNORG0000060703","Certhia familiaris","mature",1
"NBNORG0000060707","Cettia cetti","mature",2
"NBNORG0000060709","Chaetura pelagica","mature",3
"NBNORG0000060710","Charadrius asiaticus","mature",4
"NBNORG0000060711","Charadrius atrifrons/mongolus","mature",4
"NBNORG0000060713","Chlamydotis macqueenii","mature",2
"NBNORG0000060714","Chlidonias hybrida","mature",3
"NBNORG0000060716","Chondestes grammacus","mature",3
"NBNORG0000060718","Chordeiles minor","mature",4
"NBNORG0000060720","Chrysolophus amherstiae","mature",2
"NBNORG0000060721","Chrysolophus pictus","mature",2
"NBNORG0000060723","Ciconia ciconia","mature",2
"NBNORG0000060724","Ciconia nigra","mature",2
"NBNORG0000060726","Cinclus cinclus","mature",1
"NBNORG0000060728","Circaetus gallicus","mature",2
"NBNORG0000060730","Circus aeruginosus","mature",2
"NBNORG0000060732","Circus macrourus","mature",4
"NBNORG0000060733","Circus pygargus","mature",3
"NBNORG0000060735","Cisticola juncidis","mature",2
"NBNORG0000060737","Clamator glandarius","mature",2
"NBNORG0000060739","Coccothraustes coccothraustes","mature",1
"NBNORG0000060741","Coccyzus americanus","mature",3
"NBNORG0000060742","Coccyzus erythropthalmus","mature",3
"NBNORG0000060744","Columba livia","mature",2
"NBNORG0000060745","Columba oenas","mature",2
"NBNORG0000060746","Columba palumbus","mature",1
"NBNORG0000060748","Coracias garrulus","mature",1
"NBNORG0000060750","Corvus corax","mature",2
"NBNORG0000060751","Corvus cornix","mature",2
"NBNORG0000060752","Corvus corone","mature",2
"NBNORG0000060753","Corvus frugilegus","mature",2
"NBNORG0000060754","Coloeus monedula","mature",1
"NBNORG0000060756","Coturnix coturnix","mature",2
"NBNORG0000060758","Crex crex","mature",2
"NBNORG0000060760","Cuculus canorus","mature",2
"NBNORG0000060762","Cursorius cursor","mature",1
"NBNORG0000060764","Delichon urbicum","mature",1
"NBNORG0000060766","Dendrocopos major","mature",1
"NBNORG0000060767","Dryobates minor","mature",2
"NBNORG0000060769","Setophaga castanea","mature",3
"NBNORG0000060770","Setophaga coronata","mature",3
"NBNORG0000060771","Setophaga fusca","mature",3
"NBNORG0000060772","Setophaga magnolia","mature",3
"NBNORG0000060773","Setophaga pensylvanica","mature",3
"NBNORG0000060774","Setophaga aestiva","mature",3
"NBNORG0000060775","Setophaga striata","mature",3
"NBNORG0000060776","Setophaga tigrina","mature",3
"NBNORG0000060778","Dolichonyx oryzivorus","mature",2
"NBNORG0000060780","Dumetella carolinensis","mature",2
"NBNORG0000060782","Egretta garzetta","mature",2
"NBNORG0000060783","Egretta thula","mature",4
"NBNORG0000060785","Emberiza aureola","mature",3
"NBNORG0000060786","Falco eleonorae","mature",4
"NBNORG0000060787","Falco naumanni","mature",4
"NBNORG0000060788","Falco peregrinus","mature",2
"NBNORG0000060789","Falco rusticolus","mature",4
"NBNORG0000060790","Falco sparverius","mature",2
"NBNORG0000060791","Falco subbuteo","mature",2
"NBNORG0000060792","Falco tinnunculus","mature",1
"NBNORG0000060793","Falco vespertinus","mature",3
"NBNORG0000060795","Ficedula albicollis","mature",4
"NBNORG0000060796","Ficedula hypoleuca","mature",3
"NBNORG0000060797","Ficedula parva","mature",2
"NBNORG0000060799","Fregata aquila","mature",4
"NBNORG0000060801","Fringilla coelebs","mature",1
"NBNORG0000060802","Fringilla montifringilla","mature",1
"NBNORG0000060803","Fulica americana","mature",4
"NBNORG0000060805","Galerida cristata","mature",3
"NBNORG0000060808","Garrulus glandarius","mature",1
"NBNORG0000060810","Gavia adamsii","mature",3
"NBNORG0000060812","Geothlypis trichas","mature",3
"NBNORG0000060813","Glareola maldivarum","mature",4
"NBNORG0000060814","Glareola nordmanni","mature",4
"NBNORG0000060816","Antigone canadensis","mature",3
"NBNORG0000060817","Grus grus","mature",1
"NBNORG0000060819","Gyps fulvus","mature",2
"NBNORG0000060821","Hesperiphona vespertina","mature",2
"NBNORG0000060825","Iduna caligata","mature",4
"NBNORG0000060826","Hippolais icterina","mature",3
"NBNORG0000060827","Iduna opaca","mature",4
"NBNORG0000060828","Iduna pallida","mature",4
"NBNORG0000060829","Hippolais polyglotta","mature",3
"NBNORG0000060830","Iduna rama","mature",4
"NBNORG0000060832","Hirundapus caudacutus","mature",2
"NBNORG0000060834","Hirundo rustica","mature",1
"NBNORG0000060836","Hylocichla mustelina","mature",2
"NBNORG0000060838","Icterus galbula","mature",2
"NBNORG0000060840","Irania gutturalis","mature",2
"NBNORG0000060842","Ixobrychus minutus","mature",2
"NBNORG0000060844","Junco hyemalis","mature",3
"NBNORG0000060846","Jynx torquilla","mature",1
"NBNORG0000060848","Lagopus lagopus","mature",6
"NBNORG0000060849","Lagopus muta","mature",2
"NBNORG0000060852","Lanius cristatus","mature",4
"NBNORG0000060853","Lanius excubitor","mature",2
"NBNORG0000060854","Lanius isabellinus","mature",3
"NBNORG0000060855","Lanius meridionalis","mature",4
"NBNORG0000060856","Lanius minor","mature",3
"NBNORG0000060857","Lanius schach","mature",2
"NBNORG0000060858","Lanius senator","mature",2
"NBNORG0000060859","Ichthyaetus ichthyaetus","mature",2
"NBNORG0000060861","Limosa haemastica","mature",4
"NBNORG0000060863","Helopsaltes certhiola","mature",3
"NBNORG0000060864","Locustella fluviatilis","mature",4
"NBNORG0000060865","Locustella lanceolata","mature",4
"NBNORG0000060866","Locustella luscinioides","mature",3
"NBNORG0000060867","Locustella naevia","mature",2
"NBNORG0000060869","Loxia","mature",1
"NBNORG0000060870","Loxia curvirostra","mature",2
"NBNORG0000060871","Loxia leucoptera","mature",3
"NBNORG0000060872","Loxia pytyopsittacus","mature",4
"NBNORG0000060873","Loxia scotica","mature",4
"NBNORG0000060875","Lullula arborea","mature",2
"NBNORG0000060877","Calliope calliope","mature",3
"NBNORG0000060878","Larvivora cyane","mature",3
"NBNORG0000060879","Luscinia luscinia","mature",4
"NBNORG0000060880","Luscinia megarhynchos","mature",3
"NBNORG0000060881","Luscinia svecica","mature",2
"NBNORG0000060883","Melanocorypha bimaculata","mature",3
"NBNORG0000060884","Melanocorypha calandra","mature",3
"NBNORG0000060885","Alauda leucoptera","mature",3
"NBNORG0000060887","Melospiza melodia","mature",3
"NBNORG0000060889","Mergellus albellus","mature",1
"NBNORG0000060891","Merops apiaster","mature",1
"NBNORG0000060892","Merops persicus","mature",3
"NBNORG0000060894","Milvus migrans","mature",3
"NBNORG0000060895","Milvus milvus","mature",1
"NBNORG0000060897","Mimus polyglottos","mature",2
"NBNORG0000060899","Mniotilta varia","mature",3
"NBNORG0000060901","Molothrus ater","mature",2
"NBNORG0000060903","Monticola saxatilis","mature",2
"NBNORG0000060904","Monticola solitarius","mature",2
"NBNORG0000060906","Motacilla alba","mature",1
"NBNORG0000060907","Motacilla cinerea","mature",2
"NBNORG0000060908","Motacilla citreola","mature",3
"NBNORG0000060909","Motacilla flava","mature",2
"NBNORG0000060911","Muscicapa striata","mature",1
"NBNORG0000060913","Neophron percnopterus","mature",1
"NBNORG0000060915","Nucifraga caryocatactes","mature",2
"NBNORG0000060916","Numenius tenuirostris","mature",4
"NBNORG0000060918","Nycticorax nycticorax","mature",2
"NBNORG0000060920","Hydrobates castro","mature",4
"NBNORG0000060921","Hydrobates leucorhous","mature",2
"NBNORG0000060922","Hydrobates monorhis","mature",4
"NBNORG0000060923","Oenanthe deserti","mature",3
"NBNORG0000060924","Oenanthe hispanica/melanoleuca","mature",4
"NBNORG0000060925","Oenanthe isabellina","mature",4
"NBNORG0000060926","Oenanthe leucopyga","mature",2
"NBNORG0000060927","Oenanthe oenanthe","mature",2
"NBNORG0000060928","Oenanthe pleschanka","mature",4
"NBNORG0000060930","Oriolus oriolus","mature",2
"NBNORG0000060932","Otis tarda","mature",1
"NBNORG0000060934","Otus scops","mature",2
"NBNORG0000060936","Oxyura jamaicensis","mature",1
"NBNORG0000060938","Panurus biarmicus","mature",1
"NBNORG0000060940","Setophaga americana","mature",3
"NBNORG0000060942","Parus major","mature",1
"NBNORG0000060944","Passer domesticus","mature",1
"NBNORG0000060945","Passer hispaniolensis","mature",3
"NBNORG0000060946","Passer montanus","mature",2
"NBNORG0000060948","Passerculus sandwichensis","mature",3
"NBNORG0000060950","Passerella iliaca","mature",3
"NBNORG0000060953","Pelagodroma marina","mature",3
"NBNORG0000060955","Perdix perdix","mature",1
"NBNORG0000060957","Pernis apivorus","mature",3
"NBNORG0000060959","Petronia petronia","mature",2
"NBNORG0000060961","Phaethon aethereus","mature",3
"NBNORG0000060963","Nannopterum auritum","mature",4
"NBNORG0000060966","Phasianus colchicus","mature",2
"NBNORG0000060968","Pheucticus ludovicianus","mature",2
"NBNORG0000060970","Phoenicurus moussieri","mature",2
"NBNORG0000060972","Regulus ignicapilla","mature",2
"NBNORG0000060973","Regulus regulus","mature",1
"NBNORG0000060975","Remiz pendulinus","mature",2
"NBNORG0000060978","Riparia riparia","mature",1
"NBNORG0000060980","Saxicola rubetra","mature",1
"NBNORG0000060981","Saxicola rubicola","mature",2
"NBNORG0000060983","Sayornis phoebe","mature",3
"NBNORG0000060986","Seiurus aurocapilla","mature",2
"NBNORG0000060987","Parkesia noveboracensis","mature",3
"NBNORG0000060989","Serinus serinus","mature",3
"NBNORG0000060991","Setophaga ruticilla","mature",2
"NBNORG0000060993","Sitta canadensis","mature",2
"NBNORG0000060994","Sitta europaea","mature",1
"NBNORG0000060996","Sphyrapicus varius","mature",2
"NBNORG0000060997","Thalasseus elegans","mature",3
"NBNORG0000060999","Streptopelia decaocto","mature",1
"NBNORG0000061000","Streptopelia orientalis","mature",3
"NBNORG0000061001","Streptopelia turtur","mature",2
"NBNORG0000061003","Strix aluco","mature",1
"NBNORG0000061005","Pastor roseus","mature",2
"NBNORG0000061006","Sturnus vulgaris","mature",1
"NBNORG0000061008","Surnia ulula","mature",2
"NBNORG0000061010","Sylvia atricapilla","mature",1
"NBNORG0000061011","Sylvia borin","mature",2
"NBNORG0000061012","Curruca cantillans/iberiae","mature",4
"NBNORG0000061013","Curruca communis","mature",2
"NBNORG0000061014","Curruca conspicillata","mature",4
"NBNORG0000061015","Curruca curruca","mature",2
"NBNORG0000061016","Curruca hortensis","mature",3
"NBNORG0000061017","Curruca melanocephala","mature",4
"NBNORG0000061018","Curruca nana","mature",2
"NBNORG0000061019","Curruca nisoria","mature",3
"NBNORG0000061020","Curruca ruppeli","mature",4
"NBNORG0000061021","Curruca sarda","mature",4
"NBNORG0000061022","Curruca undata","mature",2
"NBNORG0000061024","Synthliboramphus antiquus","mature",3
"NBNORG0000061026","Syrrhaptes paradoxus","mature",2
"NBNORG0000061029","Tachycineta bicolor","mature",3
"NBNORG0000061031","Tadorna ferruginea","mature",2
"NBNORG0000061035","Lyrurus tetrix","mature",2
"NBNORG0000061036","Tetrao urogallus","mature",1
"NBNORG0000061038","Tetrax tetrax","mature",2
"NBNORG0000061042","Tichodroma muraria","mature",1
"NBNORG0000061044","Toxostoma rufum","mature",2
"NBNORG0000061047","Troglodytes troglodytes","mature",1
"NBNORG0000061049","Turdus iliacus","mature",1
"NBNORG0000061050","Turdus merula","mature",1
"NBNORG0000061051","Turdus migratorius","mature",2
"NBNORG0000061052","Turdus naumanni","mature",3
"NBNORG0000061053","Turdus obscurus","mature",3
"NBNORG0000061054","Turdus philomelos","mature",2
"NBNORG0000061055","Turdus pilaris","mature",1
"NBNORG0000061057","Turdus torquatus","mature",2
"NBNORG0000061058","Turdus viscivorus","mature",2
"NBNORG0000061060","Tyto alba","mature",1
"NBNORG0000061062","Upupa epops","mature",1
"NBNORG0000061063","Vanellus gregarius","mature",3
"NBNORG0000061064","Vanellus leucurus","mature",3
"NBNORG0000061066","Vermivora chrysoptera","mature",3
"NBNORG0000061067","Leiothlypis peregrina","mature",3
"NBNORG0000061069","Vireo flavifrons","mature",3
"NBNORG0000061070","Vireo olivaceus","mature",2
"NBNORG0000061071","Vireo philadelphicus","mature",3
"NBNORG0000061073","Setophaga citrina","mature",3
"NBNORG0000061074","Cardellina pusilla","mature",3
"NBNORG0000061075","Xenus cinereus","mature",2
"NBNORG0000061077","Zenaida macroura","mature",3
"NBNORG0000061079","Zonotrichia albicollis","mature",2
"NBNORG0000061080","Zonotrichia leucophrys","mature",2
"NBNORG0000061082","Zoothera aurea","mature",2
"NBNORG0000061084","Geokichla sibirica","mature",2
"NBNORG0000061085","Emberiza caesia","mature",3
"NBNORG0000061086","Emberiza chrysophrys","mature",3
"NBNORG0000061087","Emberiza cia","mature",3
"NBNORG0000061088","Emberiza cirlus","mature",3
"NBNORG0000061089","Emberiza citrinella","mature",2
"NBNORG0000061090","Emberiza hortulana","mature",2
"NBNORG0000061091","Emberiza leucocephalos","mature",4
"NBNORG0000061092","Emberiza melanocephala","mature",4
"NBNORG0000061093","Emberiza pallasi","mature",4
"NBNORG0000061094","Emberiza pusilla","mature",3
"NBNORG0000061095","Emberiza rustica","mature",3
"NBNORG0000061096","Emberiza schoeniclus","mature",2
"NBNORG0000061097","Emberiza spodocephala","mature",3
"NBNORG0000061099","Eremophila alpestris","mature",1
"NBNORG0000061101","Erithacus rubecula","mature",1
"NBNORG0000061103","Falco columbarius","mature",2
"NBNORG0000061104","Phoenicurus ochruros","mature",2
"NBNORG0000061105","Phoenicurus phoenicurus","mature",1
"NBNORG0000061107","Phylloscopus bonelli","mature",4
"NBNORG0000061108","Phylloscopus borealis","mature",3
"NBNORG0000061109","Phylloscopus collybita","mature",2
"NBNORG0000061110","Phylloscopus fuscatus","mature",3
"NBNORG0000061111","Phylloscopus humei","mature",3
"NBNORG0000061112","Phylloscopus ibericus","mature",3
"NBNORG0000061113","Phylloscopus inornatus","mature",2
"NBNORG0000061114","Phylloscopus orientalis","mature",4
"NBNORG0000061115","Phylloscopus proregulus","mature",2
"NBNORG0000061116","Phylloscopus schwarzi","mature",3
"NBNORG0000061117","Phylloscopus sibilatrix","mature",2
"NBNORG0000061118","Phylloscopus trochiloides","mature",3
"NBNORG0000061119","Phylloscopus trochilus","mature",2
"NBNORG0000061121","Pica pica","mature",1
"NBNORG0000061123","Picus viridis","mature",1
"NBNORG0000061125","Pinguinus impennis","mature",1
"NBNORG0000061127","Pinicola enucleator","mature",2
"NBNORG0000061129","Pipilo erythrophthalmus","mature",3
"NBNORG0000061131","Piranga olivacea","mature",3
"NBNORG0000061132","Piranga rubra","mature",3
"NBNORG0000061134","Plectrophenax nivalis","mature",1
"NBNORG0000061135","Pluvialis dominica","mature",4
"NBNORG0000061139","Porphyrio alleni","mature",4
"NBNORG0000061140","Porphyrio martinica","mature",4
"NBNORG0000061142","Porzana carolina","mature",4
"NBNORG0000061143","Zapornia parva","mature",4
"NBNORG0000061144","Porzana porzana","mature",2
"NBNORG0000061145","Zapornia pusilla","mature",4
"NBNORG0000061146","Prunella collaris","mature",2
"NBNORG0000061147","Prunella modularis","mature",1
"NBNORG0000061149","Psittacula krameri","mature",2
"NBNORG0000061151","Pterodroma hasitata","mature",4
"NBNORG0000061154","Ptyonoprogne rupestris","mature",3
"NBNORG0000061155","Puffinus mauretanicus","mature",3
"NBNORG0000061157","Pyrrhocorax pyrrhocorax","mature",1
"NBNORG0000061159","Pyrrhula pyrrhula","mature",1
"NBNORG0000061160","Rallus aquaticus","mature",1
"NBNORG0000061229","Aix sponsa","mature",2
"NBNORG0000061231","Alectoris chukar","mature",3
"NBNORG0000061238","Anas bahamensis","mature",2
"NBNORG0000061239","Anas capensis","mature",2
"NBNORG0000061240","Anas castanea","mature",3
"NBNORG0000061241","Anas erythrorhyncha","mature",2
"NBNORG0000061242","Anas flavirostris","mature",2
"NBNORG0000061243","Sibirionetta formosa","mature",3
"NBNORG0000061244","Mareca sibilatrix","mature",2
"NBNORG0000061245","Anser albifrons albifrons","mature",2
"NBNORG0000061246","Anser albifrons flavirostris","mature",2
"NBNORG0000061247","Anser canagicus","mature",6
"NBNORG0000061248","Anser cygnoides","mature",2
"NBNORG0000061249","Anser indicus","mature",1
"NBNORG0000061250","Anser rossii","mature",2
"NBNORG0000061251","Anseranas semipalmata","mature",2
"NBNORG0000061267","Branta sandvicensis","mature",2
"NBNORG0000061271","Cygnus atratus","mature",1
"NBNORG0000061272","Haliaeetus leucocephalus","mature",1
"NBNORG0000061280","Bubo bubo","mature",2
"NBNORG0000061281","Melopsittacus undulatus","mature",1
"NBNORG0000061287","Cairina moschata","mature",2
"NBNORG0000061289","Serinus canaria","mature",2
"NBNORG0000061291","Corvus corone x cornix","mature",1
"NBNORG0000061294","Chenonetta jubata","mature",2
"NBNORG0000061298","Emberiza rutila","mature",3
"NBNORG0000061305","Pelecanus onocrotalus","mature",2
"NBNORG0000061307","Larus glaucoides kumlieni","mature",4
"NBNORG0000061311","Oxyura leucocephala","mature",3
"NBNORG0000061316","Emberiza bruniceps","mature",4
"NBNORG0000061322","Falco biarmicus","mature",4
"NBNORG0000061323","Falco cherrug","mature",4
"NBNORG0000061325","Ficedula mugimaki","mature",3
"NBNORG0000061333","Nymphicus hollandicus","mature",1
"NBNORG0000061335","Colaptes auratus","mature",2
"NBNORG0000061347","Cygnus buccinator","mature",3
"NBNORG0000061352","Dendrocygna bicolor","mature",2
"NBNORG0000061353","Dendrocygna javanica","mature",2
"NBNORG0000061355","Setophaga palmarum","mature",3
"NBNORG0000061383","Numida meleagris","mature",1
"NBNORG0000061387","Hieraaetus pennatus","mature",3
"NBNORG0000061389","Hippolais olivetorum","mature",4
"NBNORG0000061391","Lophodytes cucullatus","mature",1
"NBNORG0000061396","Marmaronetta angustirostris","mature",2
"NBNORG0000061398","Melanitta americana","mature",3
"NBNORG0000061399","Melanocorypha yeltoniensis","mature",2
"NBNORG0000061405","Myiopsitta monachus","mature",2
"NBNORG0000061412","Lanius nubicus","mature",3
"NBNORG0000061414","Ichthyaetus audouinii","mature",2
"NBNORG0000061423","Lophura nycthemera","mature",3
"NBNORG0000061425","Tadorna cana","mature",3
"NBNORG0000061426","Tadorna tadornoides","mature",2
"NBNORG0000061427","Tadorna variegata","mature",2
"NBNORG0000061433","Passerina ciris","mature",2
"NBNORG0000061445","Phoenicopterus chilensis","mature",2
"NBNORG0000061456","Platalea alba","mature",3
"NBNORG0000061464","Pterodroma feae","mature",4
"NBNORG0000061481","Syrmaticus reevesii","mature",2
"NBNORG0000061500","Agropsar sturninus","mature",2
"NBNORG0000061502","Anthus richardi","mature",3
"NBNORG0000061505","Colinus virginianus","mature",1
"NBNORG0000061523","Muscicapa dauurica","mature",3
"NBNORG0000061526","Pterodroma mollis","mature",4
"NBNORG0000061529","Branta bernicla bernicla","mature",2
"NBNORG0000061530","Branta bernicla nigricans","mature",2
"NBNORG0000085982","Puffinus baroli","mature",4
"NBNORG0000085983","Larus michahellis","mature",3
"NBNORG0000085985","Onychoprion aleuticus","mature",4
"NBNORG0000085986","Onychoprion fuscatus","mature",4
"NBNORG0000085987","Onychoprion anaethetus","mature",4
"NBNORG0000085989","Sternula albifrons","mature",1
"NBNORG0000085991","Hydroprogne caspia","mature",2
"NBNORG0000085993","Progne subis","mature",3
"NBNORG0000085995","Cecropis daurica","mature",2
"NBNORG0000085997","Petrochelidon pyrrhonota","mature",3
"NBNORG0000085998","Ficedula albicilla","mature",4
"NBNORG0000086000","Cyanistes caeruleus","mature",1
"NBNORG0000086002","Lophophanes cristatus","mature",1
"NBNORG0000086004","Periparus ater","mature",1
"NBNORG0000086006","Poecile montanus","mature",3
"NBNORG0000086007","Poecile palustris","mature",3
"NBNORG0000086008","Emberiza calandra","mature",2
"NBNORG0000086009","Aegypius monachus","mature",2
"NBNORG0000086010","Mareca falcata","mature",2
"NBNORG0000086011","Lamprotornis chalybaeus","mature",2
"NBNORG0000086014","Agapornis roseicollis","mature",1
"NBNORG0000086017","Alopochen aegyptiaca","mature",2
"NBNORG0000086021","Spatula cyanoptera","mature",3
"NBNORG0000086022","Anas georgica","mature",2
"NBNORG0000086026","Spatula rhynchotis","mature",3
"NBNORG0000086028","Spatula versicolor","mature",2
"NBNORG0000086030","Ara macao","mature",1
"NBNORG0000086031","Thectocercus acuticaudatus","mature",2
"NBNORG0000086033","Ardea herodias","mature",4
"NBNORG0000086034","Aythya novaeseelandiae","mature",3
"NBNORG0000086035","Balearica regulorum/pavonina","mature",2
"NBNORG0000086039","Buteo jamaicensis","mature",2
"NBNORG0000086041","Cacatua galerita","mature",1
"NBNORG0000086042","Callonetta leucophrys","mature",2
"NBNORG0000086045","Carpodacus roseus","mature",2
"NBNORG0000086048","Chloephaga picta","mature",2
"NBNORG0000086056","Dendrocygna viduata","mature",2
"NBNORG0000086066","Euplectes hordeaceus","mature",2
"NBNORG0000086074","Trochalopteron formosum","mature",2
"NBNORG0000086075","Geopelia cuneata","mature",2
"NBNORG0000086083","Vanellus spinosus","mature",2
"NBNORG0000086086","Chroicocephalus cirrocephalus","mature",3
"NBNORG0000086095","Lophura swinhoii","mature",3
"NBNORG0000086100","Netta peposaca","mature",2
"NBNORG0000086106","Oxyura vittata","mature",3
"NBNORG0000086107","Parabuteo unicinctus","mature",2
"NBNORG0000086113","Passerina caerulea","mature",2
"NBNORG0000086116","Pavo cristatus","mature",1
"NBNORG0000086124","Platycercus eximius","mature",2
"NBNORG0000086127","Ploceus cucullatus","mature",3
"NBNORG0000086128","Ploceus melanocephalus","mature",3
"NBNORG0000086132","Porphyrio porphyrio","mature",4
"NBNORG0000086135","Psittacula eupatria","mature",2
"NBNORG0000086136","Psittacus erithacus","mature",1
"NBNORG0000086142","Quelea quelea","mature",2
"NBNORG0000086148","Spilopelia senegalensis","mature",3
"NBNORG0000086153","Sturnia sinensis","mature",2
"NBNORG0000086155","Terathopius ecaudatus","mature",2
"NBNORG0000086159","Carpodacus sibiricus","mature",2
"NBNORG0000086161","Vidua macroura","mature",2
"NBNORG0000086166","Zosterops japonicus","mature",2
"NBNORG0000089896","Larvivora sibilans","mature",4
"NBNORG0000091180","Branta canadensis parvipes","mature",3
"NBNORG0000091212","Branta hutchinsii","mature",3
"NBNORG0000091213","Motacilla flava iberiae","mature",3
"NBNORG0000091216","Emberiza fucata","mature",3
"NBNORG0000093458","Brachyramphus perdix","mature",4
"NBNORG0000094129","Aegithalos caudatus caudatus","mature",2
"NBNORG0000094146","Anser fabalis fabalis","mature",3
"NBNORG0000094147","Anser serrirostris","mature",3
"NBNORG0000094151","Anthus petrosus littoralis","mature",3
"NBNORG0000094169","Branta bernicla hrota","mature",2
"NBNORG0000094192","Acanthis hornemanni exilipes","mature",4
"NBNORG0000094193","Acanthis hornemanni hornemanni","mature",4
"NBNORG0000094206","Chlidonias niger surinamensis","mature",4
"NBNORG0000094210","Cinclus cinclus cinclus","mature",2
"NBNORG0000094229","Cygnus columbianus columbianus","mature",3
"NBNORG0000094274","Lanius excubitor pallidirostris","mature",4
"NBNORG0000094275","Lanius senator badius","mature",3
"NBNORG0000094298","Luscinia svecica cyanecula","mature",2
"NBNORG0000094299","Luscinia svecica svecica","mature",2
"NBNORG0000094306","Motacilla flava cinereocapilla","mature",3
"NBNORG0000094307","Motacilla flava feldegg","mature",3
"NBNORG0000094325","Oenanthe oenanthe leucorhoa","mature",4
"NBNORG0000094343","Periparus ater ater","mature",2
"NBNORG0000094346","Phalacrocorax carbo sinensis","mature",2
"NBNORG0000094389","Pyrrhula pyrrhula pyrrhula","mature",4
"NBNORG0000094396","Saxicola maurus","mature",3
"NBNORG0000094450","Tyto alba guttata","mature",2
"NBNORG0000095860","Aythya hybrid sp.","mature",1
"NBNORG0000095869","Gallinago delicata","mature",4
"NBNORG0000095871","Milvus migrans lineatus","mature",4
"NBNORG0000099293","Tringa brevipes","mature",4
"NBNORG0000099369","Gavia pacifica","mature",4
"NBNORG0000099694","Pycnonotus barbatus","mature",2
"NBNORG0000099696","Somateria mollissima borealis","mature",4
"NBNORG0000104141","Xema sabini","mature",2
"NBNORG0000107884","Hydrocoloeus minutus","mature",2
"NBNORG0000107886","Chroicocephalus ridibundus","mature",1
"NBNORG0000107887","Chroicocephalus genei","mature",3
"NBNORG0000107888","Chroicocephalus philadelphia","mature",3
"NBNORG0000108667","Chloris chloris","mature",1
"NBNORG0000108697","Larus glaucoides thayeri","mature",4
"NBNORG0000108700","Luscinia megarhynchos golzii","mature",4
"NBNORG0000110599","Anser caerulescens","mature",2
